-- phpMyAdmin SQL Dump
-- version 3.5.1
-- http://www.phpmyadmin.net
--
-- Client: localhost
-- Généré le: Lun 24 Juin 2013 à 07:17
-- Version du serveur: 5.5.24-log
-- Version de PHP: 5.4.3

SET SQL_MODE="NO_AUTO_VALUE_ON_ZERO";
SET time_zone = "+00:00";


/*!40101 SET @OLD_CHARACTER_SET_CLIENT=@@CHARACTER_SET_CLIENT */;
/*!40101 SET @OLD_CHARACTER_SET_RESULTS=@@CHARACTER_SET_RESULTS */;
/*!40101 SET @OLD_COLLATION_CONNECTION=@@COLLATION_CONNECTION */;
/*!40101 SET NAMES utf8 */;

--
-- Base de données: `mos`
--

-- --------------------------------------------------------

--
-- Structure de la table `alarms`
--

CREATE TABLE IF NOT EXISTS `alarms` (
  `device_id` int(11) NOT NULL,
  `event_id` int(11) NOT NULL,
  `event_name` varchar(255) COLLATE utf8_unicode_ci NOT NULL,
  `alarm_date` datetime NOT NULL,
  `formula` varchar(255) COLLATE utf8_unicode_ci NOT NULL,
  `expression` varchar(500) COLLATE utf8_unicode_ci NOT NULL,
  `company_id` int(11) NOT NULL,
  `is_schedule` int(1) NOT NULL
) ENGINE=InnoDB DEFAULT CHARSET=utf8 COLLATE=utf8_unicode_ci;

--
-- Contenu de la table `alarms`
--

INSERT INTO `alarms` (`device_id`, `event_id`, `event_name`, `alarm_date`, `formula`, `expression`, `company_id`, `is_schedule`) VALUES
(3, 10, 'Condition based', '0000-00-00 00:00:00', 'IF [Device 3] = 26', '26 = 26', 12, 0),
(2, 12, 'Condition based', '0000-00-00 00:00:00', 'IF [Device 4] > 2', '3 > 2', 12, 0),
(4, 1, 'Heating schedule ', '2013-06-24 06:00:27', 'Event schedule', 'Event schedule', 12, 1);

-- --------------------------------------------------------

--
-- Structure de la table `alarms_history`
--

CREATE TABLE IF NOT EXISTS `alarms_history` (
  `id` int(11) NOT NULL AUTO_INCREMENT,
  `device_id` int(11) NOT NULL,
  `event_id` int(11) NOT NULL,
  `event_name` varchar(255) COLLATE utf8_unicode_ci NOT NULL,
  `alarm_date` datetime NOT NULL,
  `formula` varchar(255) COLLATE utf8_unicode_ci NOT NULL,
  `expression` varchar(500) COLLATE utf8_unicode_ci NOT NULL,
  `company_id` int(11) NOT NULL,
  `is_schedule` int(1) NOT NULL,
  `is_on` int(1) NOT NULL,
  PRIMARY KEY (`id`)
) ENGINE=InnoDB  DEFAULT CHARSET=utf8 COLLATE=utf8_unicode_ci AUTO_INCREMENT=646 ;

--
-- Contenu de la table `alarms_history`
--

INSERT INTO `alarms_history` (`id`, `device_id`, `event_id`, `event_name`, `alarm_date`, `formula`, `expression`, `company_id`, `is_schedule`, `is_on`) VALUES
(11, 2, 5, 'Turn on light', '2013-03-14 16:06:24', 'Event schedule', 'Event schedule', 12, 1, 1),
(12, 2, 5, 'Turn on light', '2013-03-14 16:06:38', 'Event schedule', 'Event schedule', 12, 1, 1),
(13, 2, 5, 'Turn on light', '2013-03-14 16:07:36', 'Event schedule', 'Event schedule', 12, 1, 0),
(14, 2, 8, 'Condition based', '2013-03-20 06:52:59', 'IF [Device 2] > 15', '20 > 15', 12, 0, 1),
(15, 1, 6, 'Condition based', '2013-03-20 21:01:57', 'IF [Device 4] > 12', '53 > 12', 12, 0, 1),
(16, 1, 6, 'Condition based', '2013-03-20 21:01:57', 'IF [Device 4] > 12', '23 > 12', 12, 0, 1),
(17, 1, 6, 'Condition based', '2013-03-20 21:01:57', 'IF [Device 4] > 12', '44 > 12', 12, 0, 1),
(18, 1, 6, 'Condition based', '2013-03-20 21:01:57', 'IF [Device 4] > 12', '54 > 12', 12, 0, 1),
(19, 1, 6, 'Condition based', '2013-03-20 21:01:57', 'IF [Device 4] > 12', '95 > 12', 12, 0, 1),
(20, 1, 6, 'Condition based', '2013-03-20 21:01:57', 'IF [Device 4] > 12', '27 > 12', 12, 0, 1),
(21, 1, 6, 'Condition based', '2013-03-20 21:01:58', 'IF [Device 4] > 12', '46 > 12', 12, 0, 1),
(22, 1, 6, 'Condition based', '2013-03-20 21:01:58', 'IF [Device 4] > 12', '42 > 12', 12, 0, 1),
(23, 1, 6, 'Condition based', '2013-03-20 21:01:58', 'IF [Device 4] > 12', '87 > 12', 12, 0, 1),
(24, 1, 6, 'Condition based', '2013-03-20 21:01:58', 'IF [Device 4] > 12', '32 > 12', 12, 0, 1),
(25, 1, 6, 'Condition based', '2013-03-20 21:01:58', 'IF [Device 4] > 12', '93 > 12', 12, 0, 1),
(26, 1, 6, 'Condition based', '2013-03-20 21:01:58', 'IF [Device 4] > 12', '32 > 12', 12, 0, 1),
(27, 1, 6, 'Condition based', '2013-03-20 21:01:58', 'IF [Device 4] > 12', '99 > 12', 12, 0, 1),
(28, 1, 6, 'Condition based', '2013-03-20 21:01:58', 'IF [Device 4] > 12', '45 > 12', 12, 0, 1),
(29, 1, 6, 'Condition based', '2013-03-20 21:01:58', 'IF [Device 4] > 12', '71 > 12', 12, 0, 1),
(30, 1, 6, 'Condition based', '2013-03-20 21:01:58', 'IF [Device 4] > 12', '22 > 12', 12, 0, 1),
(31, 1, 6, 'Condition based', '2013-03-20 21:01:58', 'IF [Device 4] > 12', '89 > 12', 12, 0, 1),
(32, 1, 6, 'Condition based', '2013-03-20 21:01:58', 'IF [Device 4] > 12', '37 > 12', 12, 0, 1),
(33, 1, 6, 'Condition based', '2013-03-20 21:01:58', 'IF [Device 4] > 12', '14 > 12', 12, 0, 1),
(34, 1, 6, 'Condition based', '2013-03-20 21:01:58', 'IF [Device 4] > 12', '59 > 12', 12, 0, 1),
(35, 1, 6, 'Condition based', '2013-03-20 21:01:58', 'IF [Device 4] > 12', '68 > 12', 12, 0, 1),
(36, 1, 6, 'Condition based', '2013-03-20 21:01:58', 'IF [Device 4] > 12', '31 > 12', 12, 0, 1),
(37, 1, 6, 'Condition based', '2013-03-20 21:01:58', 'IF [Device 4] > 12', '40 > 12', 12, 0, 1),
(38, 1, 6, 'Condition based', '2013-03-20 21:01:58', 'IF [Device 4] > 12', '94 > 12', 12, 0, 1),
(39, 1, 6, 'Condition based', '2013-03-20 21:01:58', 'IF [Device 4] > 12', '97 > 12', 12, 0, 1),
(40, 1, 6, 'Condition based', '2013-03-20 21:01:58', 'IF [Device 4] > 12', '81 > 12', 12, 0, 1),
(41, 3, 9, 'Condition based', '2013-03-22 12:10:27', 'IF [Device 3] > 10', '26 > 10', 12, 0, 1),
(42, 3, 10, 'Condition based', '2013-03-25 07:58:55', 'IF [Device 3] > 5', '26 > 5', 12, 0, 1),
(43, 3, 10, 'Condition based', '2013-03-25 08:08:45', 'IF [Device 3] = 26', '26 = 26', 12, 0, 1),
(44, 3, 10, 'Condition based', '2013-03-25 18:44:04', 'IF [Device 3] = 26', '26 = 26', 12, 0, 1),
(45, 3, 10, 'Condition based', '2013-03-25 18:44:52', 'IF [Device 3] = 26', '26 = 26', 12, 0, 1),
(46, 3, 10, 'Condition based', '2013-03-25 18:44:58', 'IF [Device 3] = 26', '26 = 26', 12, 0, 1),
(47, 3, 10, 'Condition based', '2013-03-25 18:45:05', 'IF [Device 3] = 26', '26 = 26', 12, 0, 1),
(48, 3, 10, 'Condition based', '2013-03-25 18:46:01', 'IF [Device 3] = 26', '26 = 26', 12, 0, 1),
(49, 3, 10, 'Condition based', '2013-03-25 18:46:05', 'IF [Device 3] = 26', '26 = 26', 12, 0, 1),
(50, 3, 10, 'Condition based', '2013-03-25 18:46:12', 'IF [Device 3] = 26', '26 = 26', 12, 0, 1),
(51, 3, 10, 'Condition based', '2013-03-25 18:46:14', 'IF [Device 3] = 26', '26 = 26', 12, 0, 1),
(52, 3, 10, 'Condition based', '2013-03-25 18:48:30', 'IF [Device 3] = 26', '26 = 26', 12, 0, 1),
(53, 3, 10, 'Condition based', '2013-03-25 18:48:50', 'IF [Device 3] = 26', '26 = 26', 12, 0, 1),
(54, 3, 10, 'Condition based', '2013-03-25 18:49:04', 'IF [Device 3] = 26', '26 = 26', 12, 0, 1),
(55, 4, 11, 'Condition based', '2013-03-25 20:46:03', 'IF [Device 4] = 7', '7 = 7', 12, 0, 1),
(56, 4, 11, 'Condition based', '2013-03-25 21:18:09', 'IF [Device 4] = 7', '7 = 7', 12, 0, 1),
(57, 4, 11, 'Condition based', '2013-03-25 21:18:09', 'IF [Device 4] = 7', '7 = 7', 12, 0, 1),
(58, 4, 11, 'Condition based', '2013-03-25 21:18:09', 'IF [Device 4] = 7', '7 = 7', 12, 0, 1),
(59, 4, 11, 'Condition based', '2013-03-25 21:18:09', 'IF [Device 4] = 7', '7 = 7', 12, 0, 1),
(60, 4, 11, 'Condition based', '2013-03-25 21:18:09', 'IF [Device 4] = 7', '7 = 7', 12, 0, 1),
(61, 4, 11, 'Condition based', '2013-03-25 21:18:09', 'IF [Device 4] = 7', '7 = 7', 12, 0, 1),
(62, 4, 11, 'Condition based', '2013-03-25 21:18:09', 'IF [Device 4] = 7', '7 = 7', 12, 0, 1),
(63, 4, 11, 'Condition based', '2013-03-25 21:18:09', 'IF [Device 4] = 7', '7 = 7', 12, 0, 1),
(64, 4, 11, 'Condition based', '2013-03-25 21:18:09', 'IF [Device 4] = 7', '7 = 7', 12, 0, 1),
(65, 4, 11, 'Condition based', '2013-03-25 21:18:09', 'IF [Device 4] = 7', '7 = 7', 12, 0, 1),
(66, 4, 11, 'Condition based', '2013-03-25 21:18:09', 'IF [Device 4] = 7', '7 = 7', 12, 0, 1),
(67, 4, 11, 'Condition based', '2013-03-25 21:18:09', 'IF [Device 4] = 7', '7 = 7', 12, 0, 1),
(68, 4, 11, 'Condition based', '2013-03-25 21:18:09', 'IF [Device 4] = 7', '7 = 7', 12, 0, 1),
(69, 4, 11, 'Condition based', '2013-03-25 21:18:09', 'IF [Device 4] = 7', '7 = 7', 12, 0, 1),
(70, 4, 11, 'Condition based', '2013-03-25 21:18:09', 'IF [Device 4] = 7', '7 = 7', 12, 0, 1),
(71, 4, 11, 'Condition based', '2013-03-25 21:18:09', 'IF [Device 4] = 7', '7 = 7', 12, 0, 1),
(72, 4, 11, 'Condition based', '2013-03-25 21:18:10', 'IF [Device 4] = 7', '7 = 7', 12, 0, 1),
(73, 4, 11, 'Condition based', '2013-03-25 21:18:10', 'IF [Device 4] = 7', '7 = 7', 12, 0, 1),
(74, 4, 11, 'Condition based', '2013-03-25 21:18:10', 'IF [Device 4] = 7', '7 = 7', 12, 0, 1),
(75, 4, 11, 'Condition based', '2013-03-25 21:18:10', 'IF [Device 4] = 7', '7 = 7', 12, 0, 1),
(76, 4, 11, 'Condition based', '2013-03-25 21:18:10', 'IF [Device 4] = 7', '7 = 7', 12, 0, 1),
(77, 4, 11, 'Condition based', '2013-03-25 21:18:10', 'IF [Device 4] = 7', '7 = 7', 12, 0, 1),
(78, 4, 11, 'Condition based', '2013-03-25 21:18:10', 'IF [Device 4] = 7', '7 = 7', 12, 0, 1),
(79, 4, 11, 'Condition based', '2013-03-25 21:18:10', 'IF [Device 4] = 7', '7 = 7', 12, 0, 1),
(80, 4, 11, 'Condition based', '2013-03-25 21:18:10', 'IF [Device 4] = 7', '7 = 7', 12, 0, 1),
(81, 4, 11, 'Condition based', '2013-03-25 21:18:10', 'IF [Device 4] = 7', '7 = 7', 12, 0, 1),
(82, 4, 11, 'Condition based', '2013-03-25 21:18:10', 'IF [Device 4] = 7', '7 = 7', 12, 0, 1),
(83, 4, 11, 'Condition based', '2013-03-25 21:18:10', 'IF [Device 4] = 7', '7 = 7', 12, 0, 1),
(84, 4, 11, 'Condition based', '2013-03-25 21:18:10', 'IF [Device 4] = 7', '7 = 7', 12, 0, 1),
(85, 4, 11, 'Condition based', '2013-03-25 21:18:10', 'IF [Device 4] = 7', '7 = 7', 12, 0, 1),
(86, 4, 11, 'Condition based', '2013-03-25 21:18:10', 'IF [Device 4] = 7', '7 = 7', 12, 0, 1),
(87, 4, 11, 'Condition based', '2013-03-25 21:18:10', 'IF [Device 4] = 7', '7 = 7', 12, 0, 1),
(88, 4, 11, 'Condition based', '2013-03-25 21:18:10', 'IF [Device 4] = 7', '7 = 7', 12, 0, 1),
(89, 4, 11, 'Condition based', '2013-03-25 21:18:10', 'IF [Device 4] = 7', '7 = 7', 12, 0, 1),
(90, 4, 11, 'Condition based', '2013-03-25 21:18:10', 'IF [Device 4] = 7', '7 = 7', 12, 0, 1),
(91, 4, 11, 'Condition based', '2013-03-25 21:18:10', 'IF [Device 4] = 7', '7 = 7', 12, 0, 1),
(92, 4, 11, 'Condition based', '2013-03-25 21:18:10', 'IF [Device 4] = 7', '7 = 7', 12, 0, 1),
(93, 4, 11, 'Condition based', '2013-03-25 21:18:10', 'IF [Device 4] = 7', '7 = 7', 12, 0, 1),
(94, 4, 11, 'Condition based', '2013-03-25 21:18:10', 'IF [Device 4] = 7', '7 = 7', 12, 0, 1),
(95, 4, 11, 'Condition based', '2013-03-25 21:18:10', 'IF [Device 4] = 7', '7 = 7', 12, 0, 1),
(96, 4, 11, 'Condition based', '2013-03-25 21:18:10', 'IF [Device 4] = 7', '7 = 7', 12, 0, 1),
(97, 4, 11, 'Condition based', '2013-03-25 21:18:10', 'IF [Device 4] = 7', '7 = 7', 12, 0, 1),
(98, 4, 11, 'Condition based', '2013-03-25 21:18:10', 'IF [Device 4] = 7', '7 = 7', 12, 0, 1),
(99, 4, 11, 'Condition based', '2013-03-25 21:18:10', 'IF [Device 4] = 7', '7 = 7', 12, 0, 1),
(100, 4, 11, 'Condition based', '2013-03-25 21:18:10', 'IF [Device 4] = 7', '7 = 7', 12, 0, 1),
(101, 4, 11, 'Condition based', '2013-03-25 21:18:10', 'IF [Device 4] = 7', '7 = 7', 12, 0, 1),
(102, 4, 11, 'Condition based', '2013-03-25 21:18:10', 'IF [Device 4] = 7', '7 = 7', 12, 0, 1),
(103, 4, 11, 'Condition based', '2013-03-25 21:18:10', 'IF [Device 4] = 7', '7 = 7', 12, 0, 1),
(104, 4, 11, 'Condition based', '2013-03-25 21:18:10', 'IF [Device 4] = 7', '7 = 7', 12, 0, 1),
(105, 4, 11, 'Condition based', '2013-03-25 21:18:10', 'IF [Device 4] = 7', '7 = 7', 12, 0, 1),
(106, 4, 11, 'Condition based', '2013-03-25 21:18:10', 'IF [Device 4] = 7', '7 = 7', 12, 0, 1),
(107, 4, 11, 'Condition based', '2013-03-25 21:18:10', 'IF [Device 4] = 7', '7 = 7', 12, 0, 1),
(108, 4, 11, 'Condition based', '2013-03-25 21:18:10', 'IF [Device 4] = 7', '7 = 7', 12, 0, 1),
(109, 3, 10, 'Condition based', '2013-03-25 21:19:07', 'IF [Device 3] = 26', '26 = 26', 12, 0, 1),
(110, 3, 10, 'Condition based', '2013-03-25 21:19:07', 'IF [Device 3] = 26', '26 = 26', 12, 0, 1),
(111, 3, 10, 'Condition based', '2013-03-25 21:19:07', 'IF [Device 3] = 26', '26 = 26', 12, 0, 1),
(112, 3, 10, 'Condition based', '2013-03-25 21:19:07', 'IF [Device 3] = 26', '26 = 26', 12, 0, 1),
(113, 3, 10, 'Condition based', '2013-03-25 21:19:07', 'IF [Device 3] = 26', '26 = 26', 12, 0, 1),
(114, 3, 10, 'Condition based', '2013-03-25 21:19:07', 'IF [Device 3] = 26', '26 = 26', 12, 0, 1),
(115, 3, 10, 'Condition based', '2013-03-25 21:19:07', 'IF [Device 3] = 26', '26 = 26', 12, 0, 1),
(116, 3, 10, 'Condition based', '2013-03-25 21:19:07', 'IF [Device 3] = 26', '26 = 26', 12, 0, 1),
(117, 3, 10, 'Condition based', '2013-03-25 21:19:07', 'IF [Device 3] = 26', '26 = 26', 12, 0, 1),
(118, 3, 10, 'Condition based', '2013-03-25 21:19:07', 'IF [Device 3] = 26', '26 = 26', 12, 0, 1),
(119, 3, 10, 'Condition based', '2013-03-25 21:19:08', 'IF [Device 3] = 26', '26 = 26', 12, 0, 1),
(120, 3, 10, 'Condition based', '2013-03-25 21:19:08', 'IF [Device 3] = 26', '26 = 26', 12, 0, 1),
(121, 3, 10, 'Condition based', '2013-03-25 21:19:08', 'IF [Device 3] = 26', '26 = 26', 12, 0, 1),
(122, 3, 10, 'Condition based', '2013-03-25 21:19:08', 'IF [Device 3] = 26', '26 = 26', 12, 0, 1),
(123, 3, 10, 'Condition based', '2013-03-25 21:19:08', 'IF [Device 3] = 26', '26 = 26', 12, 0, 1),
(124, 3, 10, 'Condition based', '2013-03-25 21:19:08', 'IF [Device 3] = 26', '26 = 26', 12, 0, 1),
(125, 3, 10, 'Condition based', '2013-03-25 21:19:08', 'IF [Device 3] = 26', '26 = 26', 12, 0, 1),
(126, 3, 10, 'Condition based', '2013-03-25 21:19:08', 'IF [Device 3] = 26', '26 = 26', 12, 0, 1),
(127, 3, 10, 'Condition based', '2013-03-25 21:19:08', 'IF [Device 3] = 26', '26 = 26', 12, 0, 1),
(128, 3, 10, 'Condition based', '2013-03-25 21:19:08', 'IF [Device 3] = 26', '26 = 26', 12, 0, 1),
(129, 3, 10, 'Condition based', '2013-03-25 21:19:08', 'IF [Device 3] = 26', '26 = 26', 12, 0, 1),
(130, 3, 10, 'Condition based', '2013-03-25 21:19:08', 'IF [Device 3] = 26', '26 = 26', 12, 0, 1),
(131, 3, 10, 'Condition based', '2013-03-25 21:19:08', 'IF [Device 3] = 26', '26 = 26', 12, 0, 1),
(132, 3, 10, 'Condition based', '2013-03-25 21:19:08', 'IF [Device 3] = 26', '26 = 26', 12, 0, 1),
(133, 3, 10, 'Condition based', '2013-03-25 21:19:08', 'IF [Device 3] = 26', '26 = 26', 12, 0, 1),
(134, 3, 10, 'Condition based', '2013-03-25 21:19:08', 'IF [Device 3] = 26', '26 = 26', 12, 0, 1),
(135, 3, 10, 'Condition based', '2013-03-25 21:19:08', 'IF [Device 3] = 26', '26 = 26', 12, 0, 1),
(136, 3, 10, 'Condition based', '2013-03-25 21:19:08', 'IF [Device 3] = 26', '26 = 26', 12, 0, 1),
(137, 3, 10, 'Condition based', '2013-03-25 21:19:08', 'IF [Device 3] = 26', '26 = 26', 12, 0, 1),
(138, 3, 10, 'Condition based', '2013-03-25 21:19:08', 'IF [Device 3] = 26', '26 = 26', 12, 0, 1),
(139, 3, 10, 'Condition based', '2013-03-25 21:19:08', 'IF [Device 3] = 26', '26 = 26', 12, 0, 1),
(140, 3, 10, 'Condition based', '2013-03-25 21:19:08', 'IF [Device 3] = 26', '26 = 26', 12, 0, 1),
(141, 3, 10, 'Condition based', '2013-03-25 21:19:08', 'IF [Device 3] = 26', '26 = 26', 12, 0, 1),
(142, 3, 10, 'Condition based', '2013-03-25 21:19:08', 'IF [Device 3] = 26', '26 = 26', 12, 0, 1),
(143, 3, 10, 'Condition based', '2013-03-25 21:19:08', 'IF [Device 3] = 26', '26 = 26', 12, 0, 1),
(144, 3, 10, 'Condition based', '2013-03-25 21:19:08', 'IF [Device 3] = 26', '26 = 26', 12, 0, 1),
(145, 3, 10, 'Condition based', '2013-03-25 21:19:08', 'IF [Device 3] = 26', '26 = 26', 12, 0, 1),
(146, 3, 10, 'Condition based', '2013-03-25 21:19:08', 'IF [Device 3] = 26', '26 = 26', 12, 0, 1),
(147, 3, 10, 'Condition based', '2013-03-25 21:19:08', 'IF [Device 3] = 26', '26 = 26', 12, 0, 1),
(148, 3, 10, 'Condition based', '2013-03-25 21:19:08', 'IF [Device 3] = 26', '26 = 26', 12, 0, 1),
(149, 3, 10, 'Condition based', '2013-03-25 21:19:08', 'IF [Device 3] = 26', '26 = 26', 12, 0, 1),
(150, 3, 10, 'Condition based', '2013-03-25 21:19:08', 'IF [Device 3] = 26', '26 = 26', 12, 0, 1),
(151, 3, 10, 'Condition based', '2013-03-25 21:19:08', 'IF [Device 3] = 26', '26 = 26', 12, 0, 1),
(152, 3, 10, 'Condition based', '2013-03-25 21:19:08', 'IF [Device 3] = 26', '26 = 26', 12, 0, 1),
(153, 3, 10, 'Condition based', '2013-03-25 21:19:08', 'IF [Device 3] = 26', '26 = 26', 12, 0, 1),
(154, 3, 10, 'Condition based', '2013-03-25 21:19:08', 'IF [Device 3] = 26', '26 = 26', 12, 0, 1),
(155, 3, 10, 'Condition based', '2013-03-25 21:19:08', 'IF [Device 3] = 26', '26 = 26', 12, 0, 1),
(156, 3, 10, 'Condition based', '2013-03-25 21:19:08', 'IF [Device 3] = 26', '26 = 26', 12, 0, 1),
(157, 3, 10, 'Condition based', '2013-03-25 21:19:08', 'IF [Device 3] = 26', '26 = 26', 12, 0, 1),
(158, 3, 10, 'Condition based', '2013-03-25 21:19:08', 'IF [Device 3] = 26', '26 = 26', 12, 0, 1),
(159, 3, 10, 'Condition based', '2013-03-25 21:19:08', 'IF [Device 3] = 26', '26 = 26', 12, 0, 1),
(160, 3, 10, 'Condition based', '2013-03-25 21:19:08', 'IF [Device 3] = 26', '26 = 26', 12, 0, 1),
(161, 3, 10, 'Condition based', '2013-03-25 21:19:08', 'IF [Device 3] = 26', '26 = 26', 12, 0, 1),
(162, 3, 10, 'Condition based', '2013-03-25 21:19:08', 'IF [Device 3] = 26', '26 = 26', 12, 0, 1),
(163, 3, 10, 'Condition based', '2013-03-25 21:38:15', 'IF [Device 3] = 26', '26 = 26', 12, 0, 1),
(164, 3, 10, 'Condition based', '2013-03-25 21:38:15', 'IF [Device 3] = 26', '26 = 26', 12, 0, 1),
(165, 4, 11, 'Condition based', '2013-03-28 12:02:42', 'IF [Device 4] = 7', '7 = 7', 12, 0, 1),
(166, 4, 11, 'Condition based', '2013-03-28 12:03:33', 'IF [Device 4] = 7', '7 = 7', 12, 0, 1),
(167, 4, 11, 'Condition based', '2013-03-28 12:03:38', 'IF [Device 4] = 7', '7 = 7', 12, 0, 1),
(168, 4, 11, 'Condition based', '2013-03-29 12:17:36', 'IF [Device 4] = 7', '7 = 7', 12, 0, 1),
(169, 4, 11, 'Condition based', '2013-03-29 12:18:00', 'IF [Device 4] = 7', '7 = 7', 12, 0, 1),
(170, 4, 11, 'Condition based', '2013-03-29 12:18:24', 'IF [Device 4] = 7', '7 = 7', 12, 0, 1),
(171, 4, 11, 'Condition based', '2013-03-29 17:40:19', 'IF [Device 4] = 7', '7 = 7', 12, 0, 1),
(172, 4, 11, 'Condition based', '2013-03-29 17:40:53', 'IF [Device 4] = 7', '7 = 7', 12, 0, 1),
(173, 4, 11, 'Condition based', '2013-03-29 17:42:07', 'IF [Device 4] = 7', '7 = 7', 12, 0, 1),
(174, 4, 11, 'Condition based', '2013-03-29 17:42:50', 'IF [Device 4] = 7', '7 = 7', 12, 0, 1),
(175, 3, 10, 'Condition based', '2013-03-29 17:53:30', 'IF [Device 3] = 26', '26 = 26', 12, 0, 1),
(176, 4, 11, 'Condition based', '2013-03-29 18:35:35', 'IF [Device 4] = 7', '7 = 7', 12, 0, 1),
(177, 4, 11, 'Condition based', '2013-03-29 18:35:35', 'IF [Device 4] = 7', '7 = 7', 12, 0, 1),
(178, 4, 11, 'Condition based', '2013-03-29 18:35:35', 'IF [Device 4] = 7', '7 = 7', 12, 0, 1),
(179, 4, 11, 'Condition based', '2013-03-29 18:35:35', 'IF [Device 4] = 7', '7 = 7', 12, 0, 1),
(180, 4, 11, 'Condition based', '2013-03-29 18:35:35', 'IF [Device 4] = 7', '7 = 7', 12, 0, 1),
(181, 4, 11, 'Condition based', '2013-03-29 18:35:35', 'IF [Device 4] = 7', '7 = 7', 12, 0, 1),
(182, 4, 11, 'Condition based', '2013-03-29 18:35:35', 'IF [Device 4] = 7', '7 = 7', 12, 0, 1),
(183, 4, 11, 'Condition based', '2013-03-29 18:35:35', 'IF [Device 4] = 7', '7 = 7', 12, 0, 1),
(184, 4, 11, 'Condition based', '2013-03-29 18:35:35', 'IF [Device 4] = 7', '7 = 7', 12, 0, 1),
(185, 4, 11, 'Condition based', '2013-03-29 18:35:35', 'IF [Device 4] = 7', '7 = 7', 12, 0, 1),
(186, 4, 11, 'Condition based', '2013-03-29 18:35:35', 'IF [Device 4] = 7', '7 = 7', 12, 0, 1),
(187, 4, 11, 'Condition based', '2013-03-29 18:35:35', 'IF [Device 4] = 7', '7 = 7', 12, 0, 1),
(188, 4, 11, 'Condition based', '2013-03-29 18:35:35', 'IF [Device 4] = 7', '7 = 7', 12, 0, 1),
(189, 4, 11, 'Condition based', '2013-03-29 18:35:35', 'IF [Device 4] = 7', '7 = 7', 12, 0, 1),
(190, 4, 11, 'Condition based', '2013-03-29 18:35:35', 'IF [Device 4] = 7', '7 = 7', 12, 0, 1),
(191, 4, 11, 'Condition based', '2013-03-29 18:35:35', 'IF [Device 4] = 7', '7 = 7', 12, 0, 1),
(192, 4, 11, 'Condition based', '2013-03-29 18:35:35', 'IF [Device 4] = 7', '7 = 7', 12, 0, 1),
(193, 4, 11, 'Condition based', '2013-03-29 18:35:35', 'IF [Device 4] = 7', '7 = 7', 12, 0, 1),
(194, 4, 11, 'Condition based', '2013-03-29 18:35:35', 'IF [Device 4] = 7', '7 = 7', 12, 0, 1),
(195, 4, 11, 'Condition based', '2013-03-29 18:35:35', 'IF [Device 4] = 7', '7 = 7', 12, 0, 1),
(196, 4, 11, 'Condition based', '2013-03-29 18:35:35', 'IF [Device 4] = 7', '7 = 7', 12, 0, 1),
(197, 4, 11, 'Condition based', '2013-03-29 18:35:35', 'IF [Device 4] = 7', '7 = 7', 12, 0, 1),
(198, 4, 11, 'Condition based', '2013-03-29 18:35:35', 'IF [Device 4] = 7', '7 = 7', 12, 0, 1),
(199, 4, 11, 'Condition based', '2013-03-29 18:35:35', 'IF [Device 4] = 7', '7 = 7', 12, 0, 1),
(200, 4, 11, 'Condition based', '2013-03-29 18:35:35', 'IF [Device 4] = 7', '7 = 7', 12, 0, 1),
(201, 4, 11, 'Condition based', '2013-03-29 18:35:35', 'IF [Device 4] = 7', '7 = 7', 12, 0, 1),
(202, 4, 11, 'Condition based', '2013-03-29 18:35:35', 'IF [Device 4] = 7', '7 = 7', 12, 0, 1),
(203, 4, 11, 'Condition based', '2013-03-29 18:35:35', 'IF [Device 4] = 7', '7 = 7', 12, 0, 1),
(204, 4, 11, 'Condition based', '2013-03-29 18:35:35', 'IF [Device 4] = 7', '7 = 7', 12, 0, 1),
(205, 4, 11, 'Condition based', '2013-03-29 18:35:35', 'IF [Device 4] = 7', '7 = 7', 12, 0, 1),
(206, 4, 11, 'Condition based', '2013-03-29 18:35:35', 'IF [Device 4] = 7', '7 = 7', 12, 0, 1),
(207, 4, 11, 'Condition based', '2013-03-29 18:35:35', 'IF [Device 4] = 7', '7 = 7', 12, 0, 1),
(208, 4, 11, 'Condition based', '2013-03-29 18:35:35', 'IF [Device 4] = 7', '7 = 7', 12, 0, 1),
(209, 4, 11, 'Condition based', '2013-03-29 18:35:35', 'IF [Device 4] = 7', '7 = 7', 12, 0, 1),
(210, 4, 11, 'Condition based', '2013-03-29 18:35:35', 'IF [Device 4] = 7', '7 = 7', 12, 0, 1),
(211, 4, 11, 'Condition based', '2013-03-29 18:35:35', 'IF [Device 4] = 7', '7 = 7', 12, 0, 1),
(212, 4, 11, 'Condition based', '2013-03-29 18:35:35', 'IF [Device 4] = 7', '7 = 7', 12, 0, 1),
(213, 4, 11, 'Condition based', '2013-03-29 18:35:35', 'IF [Device 4] = 7', '7 = 7', 12, 0, 1),
(214, 4, 11, 'Condition based', '2013-03-29 18:35:35', 'IF [Device 4] = 7', '7 = 7', 12, 0, 1),
(215, 4, 11, 'Condition based', '2013-03-29 18:35:35', 'IF [Device 4] = 7', '7 = 7', 12, 0, 1),
(216, 4, 11, 'Condition based', '2013-03-29 18:35:35', 'IF [Device 4] = 7', '7 = 7', 12, 0, 1),
(217, 4, 11, 'Condition based', '2013-03-29 18:35:35', 'IF [Device 4] = 7', '7 = 7', 12, 0, 1),
(218, 4, 11, 'Condition based', '2013-03-29 18:35:35', 'IF [Device 4] = 7', '7 = 7', 12, 0, 1),
(219, 4, 11, 'Condition based', '2013-03-29 18:35:35', 'IF [Device 4] = 7', '7 = 7', 12, 0, 1),
(220, 4, 11, 'Condition based', '2013-03-29 18:35:35', 'IF [Device 4] = 7', '7 = 7', 12, 0, 1),
(221, 4, 11, 'Condition based', '2013-03-29 18:35:35', 'IF [Device 4] = 7', '7 = 7', 12, 0, 1),
(222, 4, 11, 'Condition based', '2013-03-29 18:35:35', 'IF [Device 4] = 7', '7 = 7', 12, 0, 1),
(223, 4, 11, 'Condition based', '2013-03-29 18:35:35', 'IF [Device 4] = 7', '7 = 7', 12, 0, 1),
(224, 4, 11, 'Condition based', '2013-03-29 18:35:35', 'IF [Device 4] = 7', '7 = 7', 12, 0, 1),
(225, 4, 11, 'Condition based', '2013-03-29 18:35:35', 'IF [Device 4] = 7', '7 = 7', 12, 0, 1),
(226, 4, 11, 'Condition based', '2013-03-29 18:35:35', 'IF [Device 4] = 7', '7 = 7', 12, 0, 1),
(227, 4, 11, 'Condition based', '2013-03-29 18:35:35', 'IF [Device 4] = 7', '7 = 7', 12, 0, 1),
(228, 4, 11, 'Condition based', '2013-03-29 18:35:49', 'IF [Device 4] = 7', '7 = 7', 12, 0, 1),
(229, 4, 11, 'Condition based', '2013-03-29 18:35:49', 'IF [Device 4] = 7', '7 = 7', 12, 0, 1),
(230, 4, 11, 'Condition based', '2013-03-29 18:35:49', 'IF [Device 4] = 7', '7 = 7', 12, 0, 1),
(231, 4, 11, 'Condition based', '2013-03-29 18:35:49', 'IF [Device 4] = 7', '7 = 7', 12, 0, 1),
(232, 4, 11, 'Condition based', '2013-03-29 18:35:49', 'IF [Device 4] = 7', '7 = 7', 12, 0, 1),
(233, 4, 11, 'Condition based', '2013-03-29 18:35:49', 'IF [Device 4] = 7', '7 = 7', 12, 0, 1),
(234, 4, 11, 'Condition based', '2013-03-29 18:35:49', 'IF [Device 4] = 7', '7 = 7', 12, 0, 1),
(235, 4, 11, 'Condition based', '2013-03-29 18:35:49', 'IF [Device 4] = 7', '7 = 7', 12, 0, 1),
(236, 4, 11, 'Condition based', '2013-03-29 18:35:49', 'IF [Device 4] = 7', '7 = 7', 12, 0, 1),
(237, 4, 11, 'Condition based', '2013-03-29 18:35:49', 'IF [Device 4] = 7', '7 = 7', 12, 0, 1),
(238, 4, 11, 'Condition based', '2013-03-29 18:35:49', 'IF [Device 4] = 7', '7 = 7', 12, 0, 1),
(239, 4, 11, 'Condition based', '2013-03-29 18:35:49', 'IF [Device 4] = 7', '7 = 7', 12, 0, 1),
(240, 4, 11, 'Condition based', '2013-03-29 18:35:49', 'IF [Device 4] = 7', '7 = 7', 12, 0, 1),
(241, 4, 11, 'Condition based', '2013-03-29 18:35:49', 'IF [Device 4] = 7', '7 = 7', 12, 0, 1),
(242, 4, 11, 'Condition based', '2013-03-29 18:35:49', 'IF [Device 4] = 7', '7 = 7', 12, 0, 1),
(243, 4, 11, 'Condition based', '2013-03-29 18:35:49', 'IF [Device 4] = 7', '7 = 7', 12, 0, 1),
(244, 4, 11, 'Condition based', '2013-03-29 18:35:49', 'IF [Device 4] = 7', '7 = 7', 12, 0, 1),
(245, 4, 11, 'Condition based', '2013-03-29 18:35:49', 'IF [Device 4] = 7', '7 = 7', 12, 0, 1),
(246, 4, 11, 'Condition based', '2013-03-29 18:35:49', 'IF [Device 4] = 7', '7 = 7', 12, 0, 1),
(247, 4, 11, 'Condition based', '2013-03-29 18:35:49', 'IF [Device 4] = 7', '7 = 7', 12, 0, 1),
(248, 4, 11, 'Condition based', '2013-03-29 18:35:49', 'IF [Device 4] = 7', '7 = 7', 12, 0, 1),
(249, 4, 11, 'Condition based', '2013-03-29 18:35:49', 'IF [Device 4] = 7', '7 = 7', 12, 0, 1),
(250, 4, 11, 'Condition based', '2013-03-29 18:35:49', 'IF [Device 4] = 7', '7 = 7', 12, 0, 1),
(251, 4, 11, 'Condition based', '2013-03-29 18:35:49', 'IF [Device 4] = 7', '7 = 7', 12, 0, 1),
(252, 4, 11, 'Condition based', '2013-03-29 18:35:49', 'IF [Device 4] = 7', '7 = 7', 12, 0, 1),
(253, 4, 11, 'Condition based', '2013-03-29 18:35:49', 'IF [Device 4] = 7', '7 = 7', 12, 0, 1),
(254, 4, 11, 'Condition based', '2013-03-29 18:35:49', 'IF [Device 4] = 7', '7 = 7', 12, 0, 1),
(255, 4, 11, 'Condition based', '2013-03-29 18:35:49', 'IF [Device 4] = 7', '7 = 7', 12, 0, 1),
(256, 4, 11, 'Condition based', '2013-03-29 18:35:49', 'IF [Device 4] = 7', '7 = 7', 12, 0, 1),
(257, 4, 11, 'Condition based', '2013-03-29 18:35:49', 'IF [Device 4] = 7', '7 = 7', 12, 0, 1),
(258, 4, 11, 'Condition based', '2013-03-29 18:35:49', 'IF [Device 4] = 7', '7 = 7', 12, 0, 1),
(259, 4, 11, 'Condition based', '2013-03-29 18:35:49', 'IF [Device 4] = 7', '7 = 7', 12, 0, 1),
(260, 4, 11, 'Condition based', '2013-03-29 18:35:49', 'IF [Device 4] = 7', '7 = 7', 12, 0, 1),
(261, 4, 11, 'Condition based', '2013-03-29 18:35:49', 'IF [Device 4] = 7', '7 = 7', 12, 0, 1),
(262, 4, 11, 'Condition based', '2013-03-29 18:35:49', 'IF [Device 4] = 7', '7 = 7', 12, 0, 1),
(263, 4, 11, 'Condition based', '2013-03-29 18:35:49', 'IF [Device 4] = 7', '7 = 7', 12, 0, 1),
(264, 4, 11, 'Condition based', '2013-03-29 18:35:49', 'IF [Device 4] = 7', '7 = 7', 12, 0, 1),
(265, 4, 11, 'Condition based', '2013-03-29 18:35:49', 'IF [Device 4] = 7', '7 = 7', 12, 0, 1),
(266, 4, 11, 'Condition based', '2013-03-29 18:35:49', 'IF [Device 4] = 7', '7 = 7', 12, 0, 1),
(267, 4, 11, 'Condition based', '2013-03-29 18:35:49', 'IF [Device 4] = 7', '7 = 7', 12, 0, 1),
(268, 4, 11, 'Condition based', '2013-03-29 18:35:49', 'IF [Device 4] = 7', '7 = 7', 12, 0, 1),
(269, 4, 11, 'Condition based', '2013-03-29 18:35:49', 'IF [Device 4] = 7', '7 = 7', 12, 0, 1),
(270, 4, 11, 'Condition based', '2013-03-29 18:35:49', 'IF [Device 4] = 7', '7 = 7', 12, 0, 1),
(271, 4, 11, 'Condition based', '2013-03-29 18:35:49', 'IF [Device 4] = 7', '7 = 7', 12, 0, 1),
(272, 4, 11, 'Condition based', '2013-03-29 18:35:49', 'IF [Device 4] = 7', '7 = 7', 12, 0, 1),
(273, 4, 11, 'Condition based', '2013-03-29 18:35:49', 'IF [Device 4] = 7', '7 = 7', 12, 0, 1),
(274, 4, 11, 'Condition based', '2013-03-29 18:35:49', 'IF [Device 4] = 7', '7 = 7', 12, 0, 1),
(275, 4, 11, 'Condition based', '2013-03-29 18:35:49', 'IF [Device 4] = 7', '7 = 7', 12, 0, 1),
(276, 4, 11, 'Condition based', '2013-03-29 18:35:49', 'IF [Device 4] = 7', '7 = 7', 12, 0, 1),
(277, 4, 11, 'Condition based', '2013-03-29 18:35:49', 'IF [Device 4] = 7', '7 = 7', 12, 0, 1),
(278, 4, 11, 'Condition based', '2013-03-29 18:35:49', 'IF [Device 4] = 7', '7 = 7', 12, 0, 1),
(279, 4, 11, 'Condition based', '2013-03-29 18:35:49', 'IF [Device 4] = 7', '7 = 7', 12, 0, 1),
(280, 4, 11, 'Condition based', '2013-03-29 18:36:52', 'IF [Device 4] = 7', '7 = 7', 12, 0, 1),
(281, 4, 11, 'Condition based', '2013-03-29 18:36:52', 'IF [Device 4] = 7', '7 = 7', 12, 0, 1),
(282, 4, 11, 'Condition based', '2013-03-29 18:36:52', 'IF [Device 4] = 7', '7 = 7', 12, 0, 1),
(283, 4, 11, 'Condition based', '2013-03-29 18:36:52', 'IF [Device 4] = 7', '7 = 7', 12, 0, 1),
(284, 4, 11, 'Condition based', '2013-03-29 18:36:52', 'IF [Device 4] = 7', '7 = 7', 12, 0, 1),
(285, 4, 11, 'Condition based', '2013-03-29 18:36:52', 'IF [Device 4] = 7', '7 = 7', 12, 0, 1),
(286, 4, 11, 'Condition based', '2013-03-29 18:36:52', 'IF [Device 4] = 7', '7 = 7', 12, 0, 1),
(287, 4, 11, 'Condition based', '2013-03-29 18:36:52', 'IF [Device 4] = 7', '7 = 7', 12, 0, 1),
(288, 4, 11, 'Condition based', '2013-03-29 18:36:52', 'IF [Device 4] = 7', '7 = 7', 12, 0, 1),
(289, 4, 11, 'Condition based', '2013-03-29 18:36:52', 'IF [Device 4] = 7', '7 = 7', 12, 0, 1),
(290, 4, 11, 'Condition based', '2013-03-29 18:36:52', 'IF [Device 4] = 7', '7 = 7', 12, 0, 1),
(291, 4, 11, 'Condition based', '2013-03-29 18:36:52', 'IF [Device 4] = 7', '7 = 7', 12, 0, 1),
(292, 4, 11, 'Condition based', '2013-03-29 18:36:52', 'IF [Device 4] = 7', '7 = 7', 12, 0, 1),
(293, 4, 11, 'Condition based', '2013-03-29 18:36:52', 'IF [Device 4] = 7', '7 = 7', 12, 0, 1),
(294, 4, 11, 'Condition based', '2013-03-29 18:36:52', 'IF [Device 4] = 7', '7 = 7', 12, 0, 1),
(295, 4, 11, 'Condition based', '2013-03-29 18:36:52', 'IF [Device 4] = 7', '7 = 7', 12, 0, 1),
(296, 4, 11, 'Condition based', '2013-03-29 18:36:52', 'IF [Device 4] = 7', '7 = 7', 12, 0, 1),
(297, 4, 11, 'Condition based', '2013-03-29 18:36:52', 'IF [Device 4] = 7', '7 = 7', 12, 0, 1),
(298, 4, 11, 'Condition based', '2013-03-29 18:36:52', 'IF [Device 4] = 7', '7 = 7', 12, 0, 1),
(299, 4, 11, 'Condition based', '2013-03-29 18:36:52', 'IF [Device 4] = 7', '7 = 7', 12, 0, 1),
(300, 4, 11, 'Condition based', '2013-03-29 18:36:52', 'IF [Device 4] = 7', '7 = 7', 12, 0, 1),
(301, 4, 11, 'Condition based', '2013-03-29 18:36:52', 'IF [Device 4] = 7', '7 = 7', 12, 0, 1),
(302, 4, 11, 'Condition based', '2013-03-29 18:36:52', 'IF [Device 4] = 7', '7 = 7', 12, 0, 1),
(303, 4, 11, 'Condition based', '2013-03-29 18:36:52', 'IF [Device 4] = 7', '7 = 7', 12, 0, 1),
(304, 4, 11, 'Condition based', '2013-03-29 18:36:52', 'IF [Device 4] = 7', '7 = 7', 12, 0, 1),
(305, 4, 11, 'Condition based', '2013-03-29 18:36:52', 'IF [Device 4] = 7', '7 = 7', 12, 0, 1),
(306, 4, 11, 'Condition based', '2013-03-29 18:36:52', 'IF [Device 4] = 7', '7 = 7', 12, 0, 1),
(307, 4, 11, 'Condition based', '2013-03-29 18:36:52', 'IF [Device 4] = 7', '7 = 7', 12, 0, 1),
(308, 4, 11, 'Condition based', '2013-03-29 18:36:52', 'IF [Device 4] = 7', '7 = 7', 12, 0, 1),
(309, 4, 11, 'Condition based', '2013-03-29 18:36:52', 'IF [Device 4] = 7', '7 = 7', 12, 0, 1),
(310, 4, 11, 'Condition based', '2013-03-29 18:36:52', 'IF [Device 4] = 7', '7 = 7', 12, 0, 1),
(311, 4, 11, 'Condition based', '2013-03-29 18:36:52', 'IF [Device 4] = 7', '7 = 7', 12, 0, 1),
(312, 4, 11, 'Condition based', '2013-03-29 18:36:52', 'IF [Device 4] = 7', '7 = 7', 12, 0, 1),
(313, 4, 11, 'Condition based', '2013-03-29 18:36:52', 'IF [Device 4] = 7', '7 = 7', 12, 0, 1),
(314, 4, 11, 'Condition based', '2013-03-29 18:36:52', 'IF [Device 4] = 7', '7 = 7', 12, 0, 1),
(315, 4, 11, 'Condition based', '2013-03-29 18:36:52', 'IF [Device 4] = 7', '7 = 7', 12, 0, 1),
(316, 4, 11, 'Condition based', '2013-03-29 18:36:52', 'IF [Device 4] = 7', '7 = 7', 12, 0, 1),
(317, 4, 11, 'Condition based', '2013-03-29 18:36:52', 'IF [Device 4] = 7', '7 = 7', 12, 0, 1),
(318, 4, 11, 'Condition based', '2013-03-29 18:36:52', 'IF [Device 4] = 7', '7 = 7', 12, 0, 1),
(319, 4, 11, 'Condition based', '2013-03-29 18:36:52', 'IF [Device 4] = 7', '7 = 7', 12, 0, 1),
(320, 4, 11, 'Condition based', '2013-03-29 18:36:52', 'IF [Device 4] = 7', '7 = 7', 12, 0, 1),
(321, 4, 11, 'Condition based', '2013-03-29 18:36:52', 'IF [Device 4] = 7', '7 = 7', 12, 0, 1),
(322, 4, 11, 'Condition based', '2013-03-29 18:36:52', 'IF [Device 4] = 7', '7 = 7', 12, 0, 1),
(323, 4, 11, 'Condition based', '2013-03-29 18:36:52', 'IF [Device 4] = 7', '7 = 7', 12, 0, 1),
(324, 4, 11, 'Condition based', '2013-03-29 18:36:52', 'IF [Device 4] = 7', '7 = 7', 12, 0, 1),
(325, 4, 11, 'Condition based', '2013-03-29 18:36:52', 'IF [Device 4] = 7', '7 = 7', 12, 0, 1),
(326, 4, 11, 'Condition based', '2013-03-29 18:36:52', 'IF [Device 4] = 7', '7 = 7', 12, 0, 1),
(327, 4, 11, 'Condition based', '2013-03-29 18:36:52', 'IF [Device 4] = 7', '7 = 7', 12, 0, 1),
(328, 4, 11, 'Condition based', '2013-03-29 18:36:52', 'IF [Device 4] = 7', '7 = 7', 12, 0, 1),
(329, 4, 11, 'Condition based', '2013-03-29 18:36:52', 'IF [Device 4] = 7', '7 = 7', 12, 0, 1),
(330, 4, 11, 'Condition based', '2013-03-29 18:36:52', 'IF [Device 4] = 7', '7 = 7', 12, 0, 1),
(331, 4, 11, 'Condition based', '2013-03-29 18:36:52', 'IF [Device 4] = 7', '7 = 7', 12, 0, 1),
(332, 4, 11, 'Condition based', '2013-03-29 18:37:15', 'IF [Device 4] = 7', '7 = 7', 12, 0, 1),
(333, 4, 11, 'Condition based', '2013-03-29 18:37:15', 'IF [Device 4] = 7', '7 = 7', 12, 0, 1),
(334, 4, 11, 'Condition based', '2013-03-29 18:37:15', 'IF [Device 4] = 7', '7 = 7', 12, 0, 1),
(335, 4, 11, 'Condition based', '2013-03-29 18:37:15', 'IF [Device 4] = 7', '7 = 7', 12, 0, 1),
(336, 4, 11, 'Condition based', '2013-03-29 18:37:15', 'IF [Device 4] = 7', '7 = 7', 12, 0, 1),
(337, 4, 11, 'Condition based', '2013-03-29 18:37:15', 'IF [Device 4] = 7', '7 = 7', 12, 0, 1),
(338, 4, 11, 'Condition based', '2013-03-29 18:37:15', 'IF [Device 4] = 7', '7 = 7', 12, 0, 1),
(339, 4, 11, 'Condition based', '2013-03-29 18:37:15', 'IF [Device 4] = 7', '7 = 7', 12, 0, 1),
(340, 4, 11, 'Condition based', '2013-03-29 18:37:15', 'IF [Device 4] = 7', '7 = 7', 12, 0, 1),
(341, 4, 11, 'Condition based', '2013-03-29 18:37:15', 'IF [Device 4] = 7', '7 = 7', 12, 0, 1),
(342, 4, 11, 'Condition based', '2013-03-29 18:37:15', 'IF [Device 4] = 7', '7 = 7', 12, 0, 1),
(343, 4, 11, 'Condition based', '2013-03-29 18:37:15', 'IF [Device 4] = 7', '7 = 7', 12, 0, 1),
(344, 4, 11, 'Condition based', '2013-03-29 18:37:15', 'IF [Device 4] = 7', '7 = 7', 12, 0, 1),
(345, 4, 11, 'Condition based', '2013-03-29 18:37:15', 'IF [Device 4] = 7', '7 = 7', 12, 0, 1),
(346, 4, 11, 'Condition based', '2013-03-29 18:37:15', 'IF [Device 4] = 7', '7 = 7', 12, 0, 1),
(347, 4, 11, 'Condition based', '2013-03-29 18:37:15', 'IF [Device 4] = 7', '7 = 7', 12, 0, 1),
(348, 4, 11, 'Condition based', '2013-03-29 18:37:15', 'IF [Device 4] = 7', '7 = 7', 12, 0, 1),
(349, 4, 11, 'Condition based', '2013-03-29 18:37:15', 'IF [Device 4] = 7', '7 = 7', 12, 0, 1),
(350, 4, 11, 'Condition based', '2013-03-29 18:37:15', 'IF [Device 4] = 7', '7 = 7', 12, 0, 1),
(351, 4, 11, 'Condition based', '2013-03-29 18:37:15', 'IF [Device 4] = 7', '7 = 7', 12, 0, 1),
(352, 4, 11, 'Condition based', '2013-03-29 18:37:15', 'IF [Device 4] = 7', '7 = 7', 12, 0, 1),
(353, 4, 11, 'Condition based', '2013-03-29 18:37:15', 'IF [Device 4] = 7', '7 = 7', 12, 0, 1),
(354, 4, 11, 'Condition based', '2013-03-29 18:37:15', 'IF [Device 4] = 7', '7 = 7', 12, 0, 1),
(355, 4, 11, 'Condition based', '2013-03-29 18:37:15', 'IF [Device 4] = 7', '7 = 7', 12, 0, 1),
(356, 4, 11, 'Condition based', '2013-03-29 18:37:15', 'IF [Device 4] = 7', '7 = 7', 12, 0, 1),
(357, 4, 11, 'Condition based', '2013-03-29 18:37:15', 'IF [Device 4] = 7', '7 = 7', 12, 0, 1),
(358, 4, 11, 'Condition based', '2013-03-29 18:37:15', 'IF [Device 4] = 7', '7 = 7', 12, 0, 1),
(359, 4, 11, 'Condition based', '2013-03-29 18:37:15', 'IF [Device 4] = 7', '7 = 7', 12, 0, 1),
(360, 4, 11, 'Condition based', '2013-03-29 18:37:15', 'IF [Device 4] = 7', '7 = 7', 12, 0, 1),
(361, 4, 11, 'Condition based', '2013-03-29 18:37:15', 'IF [Device 4] = 7', '7 = 7', 12, 0, 1),
(362, 4, 11, 'Condition based', '2013-03-29 18:37:15', 'IF [Device 4] = 7', '7 = 7', 12, 0, 1),
(363, 4, 11, 'Condition based', '2013-03-29 18:37:15', 'IF [Device 4] = 7', '7 = 7', 12, 0, 1),
(364, 4, 11, 'Condition based', '2013-03-29 18:37:15', 'IF [Device 4] = 7', '7 = 7', 12, 0, 1),
(365, 4, 11, 'Condition based', '2013-03-29 18:37:15', 'IF [Device 4] = 7', '7 = 7', 12, 0, 1),
(366, 4, 11, 'Condition based', '2013-03-29 18:37:15', 'IF [Device 4] = 7', '7 = 7', 12, 0, 1),
(367, 4, 11, 'Condition based', '2013-03-29 18:37:15', 'IF [Device 4] = 7', '7 = 7', 12, 0, 1),
(368, 4, 11, 'Condition based', '2013-03-29 18:37:15', 'IF [Device 4] = 7', '7 = 7', 12, 0, 1),
(369, 4, 11, 'Condition based', '2013-03-29 18:37:15', 'IF [Device 4] = 7', '7 = 7', 12, 0, 1),
(370, 4, 11, 'Condition based', '2013-03-29 18:37:15', 'IF [Device 4] = 7', '7 = 7', 12, 0, 1),
(371, 4, 11, 'Condition based', '2013-03-29 18:37:15', 'IF [Device 4] = 7', '7 = 7', 12, 0, 1),
(372, 4, 11, 'Condition based', '2013-03-29 18:37:15', 'IF [Device 4] = 7', '7 = 7', 12, 0, 1),
(373, 4, 11, 'Condition based', '2013-03-29 18:37:15', 'IF [Device 4] = 7', '7 = 7', 12, 0, 1),
(374, 4, 11, 'Condition based', '2013-03-29 18:37:15', 'IF [Device 4] = 7', '7 = 7', 12, 0, 1),
(375, 4, 11, 'Condition based', '2013-03-29 18:37:15', 'IF [Device 4] = 7', '7 = 7', 12, 0, 1),
(376, 4, 11, 'Condition based', '2013-03-29 18:37:15', 'IF [Device 4] = 7', '7 = 7', 12, 0, 1),
(377, 4, 11, 'Condition based', '2013-03-29 18:37:15', 'IF [Device 4] = 7', '7 = 7', 12, 0, 1),
(378, 4, 11, 'Condition based', '2013-03-29 18:37:15', 'IF [Device 4] = 7', '7 = 7', 12, 0, 1),
(379, 4, 11, 'Condition based', '2013-03-29 18:37:15', 'IF [Device 4] = 7', '7 = 7', 12, 0, 1),
(380, 4, 11, 'Condition based', '2013-03-29 18:37:15', 'IF [Device 4] = 7', '7 = 7', 12, 0, 1),
(381, 4, 11, 'Condition based', '2013-03-29 18:37:15', 'IF [Device 4] = 7', '7 = 7', 12, 0, 1),
(382, 4, 11, 'Condition based', '2013-03-29 18:37:15', 'IF [Device 4] = 7', '7 = 7', 12, 0, 1),
(383, 4, 11, 'Condition based', '2013-03-29 18:37:15', 'IF [Device 4] = 7', '7 = 7', 12, 0, 1),
(384, 4, 11, 'Condition based', '2013-03-29 18:39:29', 'IF [Device 4] = 7', '7 = 7', 12, 0, 1),
(385, 4, 11, 'Condition based', '2013-03-29 18:39:29', 'IF [Device 4] = 7', '7 = 7', 12, 0, 1),
(386, 4, 11, 'Condition based', '2013-03-29 18:39:29', 'IF [Device 4] = 7', '7 = 7', 12, 0, 1),
(387, 4, 11, 'Condition based', '2013-03-29 18:39:29', 'IF [Device 4] = 7', '7 = 7', 12, 0, 1),
(388, 4, 11, 'Condition based', '2013-03-29 18:39:29', 'IF [Device 4] = 7', '7 = 7', 12, 0, 1),
(389, 4, 11, 'Condition based', '2013-03-29 18:39:29', 'IF [Device 4] = 7', '7 = 7', 12, 0, 1),
(390, 4, 11, 'Condition based', '2013-03-29 18:39:29', 'IF [Device 4] = 7', '7 = 7', 12, 0, 1),
(391, 4, 11, 'Condition based', '2013-03-29 18:39:29', 'IF [Device 4] = 7', '7 = 7', 12, 0, 1),
(392, 4, 11, 'Condition based', '2013-03-29 18:39:29', 'IF [Device 4] = 7', '7 = 7', 12, 0, 1),
(393, 4, 11, 'Condition based', '2013-03-29 18:39:29', 'IF [Device 4] = 7', '7 = 7', 12, 0, 1),
(394, 4, 11, 'Condition based', '2013-03-29 18:39:29', 'IF [Device 4] = 7', '7 = 7', 12, 0, 1),
(395, 4, 11, 'Condition based', '2013-03-29 18:39:29', 'IF [Device 4] = 7', '7 = 7', 12, 0, 1),
(396, 4, 11, 'Condition based', '2013-03-29 18:39:29', 'IF [Device 4] = 7', '7 = 7', 12, 0, 1),
(397, 4, 11, 'Condition based', '2013-03-29 18:39:29', 'IF [Device 4] = 7', '7 = 7', 12, 0, 1),
(398, 4, 11, 'Condition based', '2013-03-29 18:39:29', 'IF [Device 4] = 7', '7 = 7', 12, 0, 1),
(399, 4, 11, 'Condition based', '2013-03-29 18:39:29', 'IF [Device 4] = 7', '7 = 7', 12, 0, 1),
(400, 4, 11, 'Condition based', '2013-03-29 18:39:29', 'IF [Device 4] = 7', '7 = 7', 12, 0, 1),
(401, 4, 11, 'Condition based', '2013-03-29 18:39:29', 'IF [Device 4] = 7', '7 = 7', 12, 0, 1),
(402, 4, 11, 'Condition based', '2013-03-29 18:39:29', 'IF [Device 4] = 7', '7 = 7', 12, 0, 1),
(403, 4, 11, 'Condition based', '2013-03-29 18:39:29', 'IF [Device 4] = 7', '7 = 7', 12, 0, 1),
(404, 4, 11, 'Condition based', '2013-03-29 18:39:29', 'IF [Device 4] = 7', '7 = 7', 12, 0, 1),
(405, 4, 11, 'Condition based', '2013-03-29 18:39:29', 'IF [Device 4] = 7', '7 = 7', 12, 0, 1),
(406, 4, 11, 'Condition based', '2013-03-29 18:39:29', 'IF [Device 4] = 7', '7 = 7', 12, 0, 1),
(407, 4, 11, 'Condition based', '2013-03-29 18:39:29', 'IF [Device 4] = 7', '7 = 7', 12, 0, 1),
(408, 4, 11, 'Condition based', '2013-03-29 18:39:29', 'IF [Device 4] = 7', '7 = 7', 12, 0, 1),
(409, 4, 11, 'Condition based', '2013-03-29 18:39:29', 'IF [Device 4] = 7', '7 = 7', 12, 0, 1),
(410, 4, 11, 'Condition based', '2013-03-29 18:39:29', 'IF [Device 4] = 7', '7 = 7', 12, 0, 1),
(411, 4, 11, 'Condition based', '2013-03-29 18:39:29', 'IF [Device 4] = 7', '7 = 7', 12, 0, 1),
(412, 4, 11, 'Condition based', '2013-03-29 18:39:29', 'IF [Device 4] = 7', '7 = 7', 12, 0, 1),
(413, 4, 11, 'Condition based', '2013-03-29 18:39:29', 'IF [Device 4] = 7', '7 = 7', 12, 0, 1),
(414, 4, 11, 'Condition based', '2013-03-29 18:39:29', 'IF [Device 4] = 7', '7 = 7', 12, 0, 1),
(415, 4, 11, 'Condition based', '2013-03-29 18:39:29', 'IF [Device 4] = 7', '7 = 7', 12, 0, 1),
(416, 4, 11, 'Condition based', '2013-03-29 18:39:29', 'IF [Device 4] = 7', '7 = 7', 12, 0, 1),
(417, 4, 11, 'Condition based', '2013-03-29 18:39:29', 'IF [Device 4] = 7', '7 = 7', 12, 0, 1),
(418, 4, 11, 'Condition based', '2013-03-29 18:39:29', 'IF [Device 4] = 7', '7 = 7', 12, 0, 1),
(419, 4, 11, 'Condition based', '2013-03-29 18:39:29', 'IF [Device 4] = 7', '7 = 7', 12, 0, 1),
(420, 4, 11, 'Condition based', '2013-03-29 18:39:29', 'IF [Device 4] = 7', '7 = 7', 12, 0, 1),
(421, 4, 11, 'Condition based', '2013-03-29 18:39:29', 'IF [Device 4] = 7', '7 = 7', 12, 0, 1),
(422, 4, 11, 'Condition based', '2013-03-29 18:39:29', 'IF [Device 4] = 7', '7 = 7', 12, 0, 1),
(423, 4, 11, 'Condition based', '2013-03-29 18:39:29', 'IF [Device 4] = 7', '7 = 7', 12, 0, 1),
(424, 4, 11, 'Condition based', '2013-03-29 18:39:29', 'IF [Device 4] = 7', '7 = 7', 12, 0, 1),
(425, 4, 11, 'Condition based', '2013-03-29 18:39:29', 'IF [Device 4] = 7', '7 = 7', 12, 0, 1),
(426, 4, 11, 'Condition based', '2013-03-29 18:39:29', 'IF [Device 4] = 7', '7 = 7', 12, 0, 1),
(427, 4, 11, 'Condition based', '2013-03-29 18:39:29', 'IF [Device 4] = 7', '7 = 7', 12, 0, 1),
(428, 4, 11, 'Condition based', '2013-03-29 18:39:29', 'IF [Device 4] = 7', '7 = 7', 12, 0, 1),
(429, 4, 11, 'Condition based', '2013-03-29 18:39:29', 'IF [Device 4] = 7', '7 = 7', 12, 0, 1),
(430, 4, 11, 'Condition based', '2013-03-29 18:39:29', 'IF [Device 4] = 7', '7 = 7', 12, 0, 1),
(431, 4, 11, 'Condition based', '2013-03-29 18:39:29', 'IF [Device 4] = 7', '7 = 7', 12, 0, 1),
(432, 4, 11, 'Condition based', '2013-03-29 18:39:29', 'IF [Device 4] = 7', '7 = 7', 12, 0, 1),
(433, 4, 11, 'Condition based', '2013-03-29 18:39:29', 'IF [Device 4] = 7', '7 = 7', 12, 0, 1),
(434, 4, 11, 'Condition based', '2013-03-29 18:39:30', 'IF [Device 4] = 7', '7 = 7', 12, 0, 1),
(435, 4, 11, 'Condition based', '2013-03-29 18:39:30', 'IF [Device 4] = 7', '7 = 7', 12, 0, 1),
(436, 4, 11, 'Condition based', '2013-03-29 18:40:18', 'IF [Device 4] = 7', '7 = 7', 12, 0, 1),
(437, 4, 11, 'Condition based', '2013-03-29 18:40:18', 'IF [Device 4] = 7', '7 = 7', 12, 0, 1),
(438, 4, 11, 'Condition based', '2013-03-29 18:40:18', 'IF [Device 4] = 7', '7 = 7', 12, 0, 1),
(439, 4, 11, 'Condition based', '2013-03-29 18:40:18', 'IF [Device 4] = 7', '7 = 7', 12, 0, 1),
(440, 4, 11, 'Condition based', '2013-03-29 18:40:18', 'IF [Device 4] = 7', '7 = 7', 12, 0, 1),
(441, 4, 11, 'Condition based', '2013-03-29 18:40:18', 'IF [Device 4] = 7', '7 = 7', 12, 0, 1),
(442, 4, 11, 'Condition based', '2013-03-29 18:40:18', 'IF [Device 4] = 7', '7 = 7', 12, 0, 1),
(443, 4, 11, 'Condition based', '2013-03-29 18:40:18', 'IF [Device 4] = 7', '7 = 7', 12, 0, 1),
(444, 4, 11, 'Condition based', '2013-03-29 18:40:18', 'IF [Device 4] = 7', '7 = 7', 12, 0, 1),
(445, 4, 11, 'Condition based', '2013-03-29 18:40:18', 'IF [Device 4] = 7', '7 = 7', 12, 0, 1),
(446, 4, 11, 'Condition based', '2013-03-29 18:40:18', 'IF [Device 4] = 7', '7 = 7', 12, 0, 1),
(447, 4, 11, 'Condition based', '2013-03-29 18:40:18', 'IF [Device 4] = 7', '7 = 7', 12, 0, 1),
(448, 4, 11, 'Condition based', '2013-03-29 18:40:18', 'IF [Device 4] = 7', '7 = 7', 12, 0, 1),
(449, 4, 11, 'Condition based', '2013-03-29 18:40:18', 'IF [Device 4] = 7', '7 = 7', 12, 0, 1),
(450, 4, 11, 'Condition based', '2013-03-29 18:40:18', 'IF [Device 4] = 7', '7 = 7', 12, 0, 1),
(451, 4, 11, 'Condition based', '2013-03-29 18:40:18', 'IF [Device 4] = 7', '7 = 7', 12, 0, 1),
(452, 4, 11, 'Condition based', '2013-03-29 18:40:18', 'IF [Device 4] = 7', '7 = 7', 12, 0, 1),
(453, 4, 11, 'Condition based', '2013-03-29 18:40:18', 'IF [Device 4] = 7', '7 = 7', 12, 0, 1),
(454, 4, 11, 'Condition based', '2013-03-29 18:40:18', 'IF [Device 4] = 7', '7 = 7', 12, 0, 1),
(455, 4, 11, 'Condition based', '2013-03-29 18:40:18', 'IF [Device 4] = 7', '7 = 7', 12, 0, 1),
(456, 4, 11, 'Condition based', '2013-03-29 18:40:18', 'IF [Device 4] = 7', '7 = 7', 12, 0, 1),
(457, 4, 11, 'Condition based', '2013-03-29 18:40:18', 'IF [Device 4] = 7', '7 = 7', 12, 0, 1),
(458, 4, 11, 'Condition based', '2013-03-29 18:40:18', 'IF [Device 4] = 7', '7 = 7', 12, 0, 1),
(459, 4, 11, 'Condition based', '2013-03-29 18:40:18', 'IF [Device 4] = 7', '7 = 7', 12, 0, 1),
(460, 4, 11, 'Condition based', '2013-03-29 18:40:18', 'IF [Device 4] = 7', '7 = 7', 12, 0, 1),
(461, 4, 11, 'Condition based', '2013-03-29 18:40:18', 'IF [Device 4] = 7', '7 = 7', 12, 0, 1),
(462, 4, 11, 'Condition based', '2013-03-29 18:40:18', 'IF [Device 4] = 7', '7 = 7', 12, 0, 1),
(463, 4, 11, 'Condition based', '2013-03-29 18:40:18', 'IF [Device 4] = 7', '7 = 7', 12, 0, 1),
(464, 4, 11, 'Condition based', '2013-03-29 18:40:18', 'IF [Device 4] = 7', '7 = 7', 12, 0, 1),
(465, 4, 11, 'Condition based', '2013-03-29 18:40:18', 'IF [Device 4] = 7', '7 = 7', 12, 0, 1),
(466, 4, 11, 'Condition based', '2013-03-29 18:40:18', 'IF [Device 4] = 7', '7 = 7', 12, 0, 1),
(467, 4, 11, 'Condition based', '2013-03-29 18:40:18', 'IF [Device 4] = 7', '7 = 7', 12, 0, 1),
(468, 4, 11, 'Condition based', '2013-03-29 18:40:18', 'IF [Device 4] = 7', '7 = 7', 12, 0, 1),
(469, 4, 11, 'Condition based', '2013-03-29 18:40:18', 'IF [Device 4] = 7', '7 = 7', 12, 0, 1),
(470, 4, 11, 'Condition based', '2013-03-29 18:40:18', 'IF [Device 4] = 7', '7 = 7', 12, 0, 1),
(471, 4, 11, 'Condition based', '2013-03-29 18:40:18', 'IF [Device 4] = 7', '7 = 7', 12, 0, 1),
(472, 4, 11, 'Condition based', '2013-03-29 18:40:18', 'IF [Device 4] = 7', '7 = 7', 12, 0, 1),
(473, 4, 11, 'Condition based', '2013-03-29 18:40:18', 'IF [Device 4] = 7', '7 = 7', 12, 0, 1),
(474, 4, 11, 'Condition based', '2013-03-29 18:40:18', 'IF [Device 4] = 7', '7 = 7', 12, 0, 1),
(475, 4, 11, 'Condition based', '2013-03-29 18:40:18', 'IF [Device 4] = 7', '7 = 7', 12, 0, 1),
(476, 4, 11, 'Condition based', '2013-03-29 18:40:18', 'IF [Device 4] = 7', '7 = 7', 12, 0, 1),
(477, 4, 11, 'Condition based', '2013-03-29 18:40:18', 'IF [Device 4] = 7', '7 = 7', 12, 0, 1),
(478, 4, 11, 'Condition based', '2013-03-29 18:40:18', 'IF [Device 4] = 7', '7 = 7', 12, 0, 1),
(479, 4, 11, 'Condition based', '2013-03-29 18:40:18', 'IF [Device 4] = 7', '7 = 7', 12, 0, 1),
(480, 4, 11, 'Condition based', '2013-03-29 18:40:18', 'IF [Device 4] = 7', '7 = 7', 12, 0, 1),
(481, 4, 11, 'Condition based', '2013-03-29 18:40:18', 'IF [Device 4] = 7', '7 = 7', 12, 0, 1),
(482, 4, 11, 'Condition based', '2013-03-29 18:40:18', 'IF [Device 4] = 7', '7 = 7', 12, 0, 1),
(483, 4, 11, 'Condition based', '2013-03-29 18:40:18', 'IF [Device 4] = 7', '7 = 7', 12, 0, 1),
(484, 4, 11, 'Condition based', '2013-03-29 18:40:18', 'IF [Device 4] = 7', '7 = 7', 12, 0, 1),
(485, 4, 11, 'Condition based', '2013-03-29 18:40:18', 'IF [Device 4] = 7', '7 = 7', 12, 0, 1),
(486, 4, 11, 'Condition based', '2013-03-29 18:40:18', 'IF [Device 4] = 7', '7 = 7', 12, 0, 1),
(487, 4, 11, 'Condition based', '2013-03-29 18:40:18', 'IF [Device 4] = 7', '7 = 7', 12, 0, 1),
(488, 4, 11, 'Condition based', '2013-03-29 18:40:26', 'IF [Device 4] = 7', '7 = 7', 12, 0, 1),
(489, 4, 11, 'Condition based', '2013-03-29 18:40:26', 'IF [Device 4] = 7', '7 = 7', 12, 0, 1),
(490, 4, 11, 'Condition based', '2013-03-29 18:40:26', 'IF [Device 4] = 7', '7 = 7', 12, 0, 1),
(491, 4, 11, 'Condition based', '2013-03-29 18:40:26', 'IF [Device 4] = 7', '7 = 7', 12, 0, 1),
(492, 4, 11, 'Condition based', '2013-03-29 18:40:26', 'IF [Device 4] = 7', '7 = 7', 12, 0, 1),
(493, 4, 11, 'Condition based', '2013-03-29 18:40:26', 'IF [Device 4] = 7', '7 = 7', 12, 0, 1),
(494, 4, 11, 'Condition based', '2013-03-29 18:40:26', 'IF [Device 4] = 7', '7 = 7', 12, 0, 1),
(495, 4, 11, 'Condition based', '2013-03-29 18:40:26', 'IF [Device 4] = 7', '7 = 7', 12, 0, 1),
(496, 4, 11, 'Condition based', '2013-03-29 18:40:26', 'IF [Device 4] = 7', '7 = 7', 12, 0, 1),
(497, 4, 11, 'Condition based', '2013-03-29 18:40:26', 'IF [Device 4] = 7', '7 = 7', 12, 0, 1),
(498, 4, 11, 'Condition based', '2013-03-29 18:40:26', 'IF [Device 4] = 7', '7 = 7', 12, 0, 1),
(499, 4, 11, 'Condition based', '2013-03-29 18:40:26', 'IF [Device 4] = 7', '7 = 7', 12, 0, 1),
(500, 4, 11, 'Condition based', '2013-03-29 18:40:26', 'IF [Device 4] = 7', '7 = 7', 12, 0, 1),
(501, 4, 11, 'Condition based', '2013-03-29 18:40:26', 'IF [Device 4] = 7', '7 = 7', 12, 0, 1),
(502, 4, 11, 'Condition based', '2013-03-29 18:40:26', 'IF [Device 4] = 7', '7 = 7', 12, 0, 1),
(503, 4, 11, 'Condition based', '2013-03-29 18:40:26', 'IF [Device 4] = 7', '7 = 7', 12, 0, 1),
(504, 4, 11, 'Condition based', '2013-03-29 18:40:26', 'IF [Device 4] = 7', '7 = 7', 12, 0, 1),
(505, 4, 11, 'Condition based', '2013-03-29 18:40:26', 'IF [Device 4] = 7', '7 = 7', 12, 0, 1),
(506, 4, 11, 'Condition based', '2013-03-29 18:40:26', 'IF [Device 4] = 7', '7 = 7', 12, 0, 1),
(507, 4, 11, 'Condition based', '2013-03-29 18:40:26', 'IF [Device 4] = 7', '7 = 7', 12, 0, 1),
(508, 4, 11, 'Condition based', '2013-03-29 18:40:26', 'IF [Device 4] = 7', '7 = 7', 12, 0, 1),
(509, 4, 11, 'Condition based', '2013-03-29 18:40:26', 'IF [Device 4] = 7', '7 = 7', 12, 0, 1),
(510, 4, 11, 'Condition based', '2013-03-29 18:40:26', 'IF [Device 4] = 7', '7 = 7', 12, 0, 1),
(511, 4, 11, 'Condition based', '2013-03-29 18:40:26', 'IF [Device 4] = 7', '7 = 7', 12, 0, 1),
(512, 4, 11, 'Condition based', '2013-03-29 18:40:26', 'IF [Device 4] = 7', '7 = 7', 12, 0, 1),
(513, 4, 11, 'Condition based', '2013-03-29 18:40:26', 'IF [Device 4] = 7', '7 = 7', 12, 0, 1),
(514, 4, 11, 'Condition based', '2013-03-29 18:40:26', 'IF [Device 4] = 7', '7 = 7', 12, 0, 1),
(515, 4, 11, 'Condition based', '2013-03-29 18:40:26', 'IF [Device 4] = 7', '7 = 7', 12, 0, 1),
(516, 4, 11, 'Condition based', '2013-03-29 18:40:26', 'IF [Device 4] = 7', '7 = 7', 12, 0, 1),
(517, 4, 11, 'Condition based', '2013-03-29 18:40:26', 'IF [Device 4] = 7', '7 = 7', 12, 0, 1),
(518, 4, 11, 'Condition based', '2013-03-29 18:40:26', 'IF [Device 4] = 7', '7 = 7', 12, 0, 1),
(519, 4, 11, 'Condition based', '2013-03-29 18:40:26', 'IF [Device 4] = 7', '7 = 7', 12, 0, 1),
(520, 4, 11, 'Condition based', '2013-03-29 18:40:26', 'IF [Device 4] = 7', '7 = 7', 12, 0, 1),
(521, 4, 11, 'Condition based', '2013-03-29 18:40:26', 'IF [Device 4] = 7', '7 = 7', 12, 0, 1),
(522, 4, 11, 'Condition based', '2013-03-29 18:40:26', 'IF [Device 4] = 7', '7 = 7', 12, 0, 1),
(523, 4, 11, 'Condition based', '2013-03-29 18:40:26', 'IF [Device 4] = 7', '7 = 7', 12, 0, 1),
(524, 4, 11, 'Condition based', '2013-03-29 18:40:26', 'IF [Device 4] = 7', '7 = 7', 12, 0, 1),
(525, 4, 11, 'Condition based', '2013-03-29 18:40:26', 'IF [Device 4] = 7', '7 = 7', 12, 0, 1),
(526, 4, 11, 'Condition based', '2013-03-29 18:40:26', 'IF [Device 4] = 7', '7 = 7', 12, 0, 1),
(527, 4, 11, 'Condition based', '2013-03-29 18:40:26', 'IF [Device 4] = 7', '7 = 7', 12, 0, 1),
(528, 4, 11, 'Condition based', '2013-03-29 18:40:26', 'IF [Device 4] = 7', '7 = 7', 12, 0, 1),
(529, 4, 11, 'Condition based', '2013-03-29 18:40:26', 'IF [Device 4] = 7', '7 = 7', 12, 0, 1),
(530, 4, 11, 'Condition based', '2013-03-29 18:40:26', 'IF [Device 4] = 7', '7 = 7', 12, 0, 1),
(531, 4, 11, 'Condition based', '2013-03-29 18:40:26', 'IF [Device 4] = 7', '7 = 7', 12, 0, 1),
(532, 4, 11, 'Condition based', '2013-03-29 18:40:26', 'IF [Device 4] = 7', '7 = 7', 12, 0, 1),
(533, 4, 11, 'Condition based', '2013-03-29 18:40:26', 'IF [Device 4] = 7', '7 = 7', 12, 0, 1),
(534, 4, 11, 'Condition based', '2013-03-29 18:40:26', 'IF [Device 4] = 7', '7 = 7', 12, 0, 1),
(535, 4, 11, 'Condition based', '2013-03-29 18:40:26', 'IF [Device 4] = 7', '7 = 7', 12, 0, 1),
(536, 4, 11, 'Condition based', '2013-03-29 18:40:26', 'IF [Device 4] = 7', '7 = 7', 12, 0, 1),
(537, 4, 11, 'Condition based', '2013-03-29 18:40:26', 'IF [Device 4] = 7', '7 = 7', 12, 0, 1),
(538, 4, 11, 'Condition based', '2013-03-29 18:40:26', 'IF [Device 4] = 7', '7 = 7', 12, 0, 1);

-- --------------------------------------------------------

--
-- Structure de la table `ci_sessions`
--

CREATE TABLE IF NOT EXISTS `ci_sessions` (
  `session_id` varchar(40) COLLATE utf8_unicode_ci NOT NULL DEFAULT '0',
  `ip_address` varchar(45) COLLATE utf8_unicode_ci NOT NULL DEFAULT '0',
  `user_agent` varchar(120) COLLATE utf8_unicode_ci NOT NULL,
  `last_activity` int(10) unsigned NOT NULL DEFAULT '0',
  `user_data` text COLLATE utf8_unicode_ci NOT NULL,
  PRIMARY KEY (`session_id`),
  KEY `last_activity_idx` (`last_activity`)
) ENGINE=InnoDB DEFAULT CHARSET=utf8 COLLATE=utf8_unicode_ci;

--
-- Contenu de la table `ci_sessions`
--

INSERT INTO `ci_sessions` (`session_id`, `ip_address`, `user_agent`, `last_activity`, `user_data`) VALUES
('030e470c36a5c2b5db1f95f7df5c4662', '127.0.0.1', '0', 1370227767, 'a:2:{s:9:"user_data";s:0:"";s:8:"language";O:8:"stdClass":3:{s:3:"iso";s:2:"en";s:4:"text";s:7:"English";s:4:"name";s:7:"english";}}'),
('031a681b4512f722b4c91bdebf45953e', '127.0.0.1', '0', 1370232988, 'a:2:{s:9:"user_data";s:0:"";s:8:"language";O:8:"stdClass":3:{s:3:"iso";s:2:"en";s:4:"text";s:7:"English";s:4:"name";s:7:"english";}}'),
('06ae2c60c1920f8e2cbd52254f54428c', '127.0.0.1', '0', 1370228670, 'a:2:{s:9:"user_data";s:0:"";s:8:"language";O:8:"stdClass":3:{s:3:"iso";s:2:"en";s:4:"text";s:7:"English";s:4:"name";s:7:"english";}}'),
('06f5af46ade10267f9a2ad04f5a3c4d6', '127.0.0.1', '0', 1370230408, 'a:2:{s:9:"user_data";s:0:"";s:8:"language";O:8:"stdClass":3:{s:3:"iso";s:2:"en";s:4:"text";s:7:"English";s:4:"name";s:7:"english";}}'),
('095c86efbad747697a553057b4a20ea2', '127.0.0.1', '0', 1370228607, 'a:2:{s:9:"user_data";s:0:"";s:8:"language";O:8:"stdClass":3:{s:3:"iso";s:2:"en";s:4:"text";s:7:"English";s:4:"name";s:7:"english";}}'),
('0a353426b807dca7cb61e89ba3a1d802', '127.0.0.1', '0', 1370227587, 'a:2:{s:9:"user_data";s:0:"";s:8:"language";O:8:"stdClass":3:{s:3:"iso";s:2:"en";s:4:"text";s:7:"English";s:4:"name";s:7:"english";}}'),
('0ad11b3ac9a986813a9ab1a9aec678d9', '58.186.137.231', 'Mozilla/5.0 (Windows NT 6.1; WOW64) AppleWebKit/537.36 (KHTML, like Gecko) Chrome/27.0.1453.94 Safari/537.36', 1370229793, 'a:2:{s:9:"user_data";s:0:"";s:8:"language";O:8:"stdClass":3:{s:3:"iso";s:2:"en";s:4:"text";s:7:"English";s:4:"name";s:7:"english";}}'),
('0bad799af8ce31390c527be7507696a0', '127.0.0.1', '0', 1370230170, 'a:2:{s:9:"user_data";s:0:"";s:8:"language";O:8:"stdClass":3:{s:3:"iso";s:2:"en";s:4:"text";s:7:"English";s:4:"name";s:7:"english";}}'),
('0e00fcf2bba00e6c8a8b82f680b58102', '127.0.0.1', '0', 1370232628, 'a:2:{s:9:"user_data";s:0:"";s:8:"language";O:8:"stdClass":3:{s:3:"iso";s:2:"en";s:4:"text";s:7:"English";s:4:"name";s:7:"english";}}'),
('1290996b6dd3d8e85ff1808095cf1b47', '127.0.0.1', '0', 1370229988, 'a:2:{s:9:"user_data";s:0:"";s:8:"language";O:8:"stdClass":3:{s:3:"iso";s:2:"en";s:4:"text";s:7:"English";s:4:"name";s:7:"english";}}'),
('148c6e276953be3c761959348a4092a2', '127.0.0.1', '0', 1370226387, 'a:2:{s:9:"user_data";s:0:"";s:8:"language";O:8:"stdClass":3:{s:3:"iso";s:2:"en";s:4:"text";s:7:"English";s:4:"name";s:7:"english";}}'),
('1654b2aca83a16baa87feb2f72c0f01e', '27.73.48.8', 'Mozilla/5.0 (Windows NT 6.1) AppleWebKit/537.36 (KHTML, like Gecko) Chrome/27.0.1453.94 Safari/537.36', 1370232578, 'a:2:{s:9:"user_data";s:0:"";s:8:"language";O:8:"stdClass":3:{s:3:"iso";s:2:"en";s:4:"text";s:7:"English";s:4:"name";s:7:"english";}}'),
('17c00e265a5359c322e00975afdb6279', '58.186.137.231', 'Mozilla/5.0 (Windows NT 6.1; WOW64) AppleWebKit/537.36 (KHTML, like Gecko) Chrome/27.0.1453.94 Safari/537.36', 1370228889, 'a:2:{s:9:"user_data";O:8:"stdClass":16:{s:2:"id";s:2:"12";s:7:"role_id";s:2:"23";s:10:"first_name";s:5:"Vuong";s:9:"last_name";s:4:"Dinh";s:8:"password";s:6:"123456";s:5:"email";s:25:"vuong.dinh.quoc@gmail.com";s:5:"phone";s:11:"84979222177";s:12:"created_date";s:19:"2013-01-08 13:48:00";s:6:"status";s:1:"1";s:6:"avatar";s:0:"";s:7:"address";s:0:"";s:9:"activated";s:1:"1";s:13:"activated_key";s:13:"50ebc1206f5b5";s:10:"company_id";s:2:"12";s:11:"role_status";s:1:"1";s:12:"company_name";s:15:"K2 Milltech Ltd";}s:8:"language";O:8:"stdClass":3:{s:3:"iso";s:2:"en";s:4:"text";s:7:"English";s:4:"name";s:7:"english";}}'),
('18c7e9c47184d52aa9ea4f45e9df1fdb', '127.0.0.1', '0', 1370230828, 'a:2:{s:9:"user_data";s:0:"";s:8:"language";O:8:"stdClass":3:{s:3:"iso";s:2:"en";s:4:"text";s:7:"English";s:4:"name";s:7:"english";}}'),
('192d89435b6ceace756a622164ffeb74', '127.0.0.1', '0', 1370230528, 'a:2:{s:9:"user_data";s:0:"";s:8:"language";O:8:"stdClass":3:{s:3:"iso";s:2:"en";s:4:"text";s:7:"English";s:4:"name";s:7:"english";}}'),
('199d34bd7be6770661ca9bcfe43228c6', '58.186.137.231', 'Mozilla/5.0 (Windows NT 6.1; WOW64) AppleWebKit/537.36 (KHTML, like Gecko) Chrome/27.0.1453.94 Safari/537.36', 1370229191, 'a:2:{s:9:"user_data";s:0:"";s:8:"language";O:8:"stdClass":3:{s:3:"iso";s:2:"en";s:4:"text";s:7:"English";s:4:"name";s:7:"english";}}'),
('1aeaf0ed6c3f5a9c5df08c481868bf10', '127.0.0.1', '0', 1370232688, 'a:2:{s:9:"user_data";s:0:"";s:8:"language";O:8:"stdClass":3:{s:3:"iso";s:2:"en";s:4:"text";s:7:"English";s:4:"name";s:7:"english";}}'),
('1c841842d90516c7593449ccdd11c74f', '127.0.0.1', '0', 1370228730, 'a:2:{s:9:"user_data";s:0:"";s:8:"language";O:8:"stdClass":3:{s:3:"iso";s:2:"en";s:4:"text";s:7:"English";s:4:"name";s:7:"english";}}'),
('1ca32a9fd25856a287beb07718c3a7ea', '127.0.0.1', '0', 1370229207, 'a:2:{s:9:"user_data";s:0:"";s:8:"language";O:8:"stdClass":3:{s:3:"iso";s:2:"en";s:4:"text";s:7:"English";s:4:"name";s:7:"english";}}'),
('1cf7af316d18b2384053cdaa14631d53', '127.0.0.1', '0', 1370233408, 'a:2:{s:9:"user_data";s:0:"";s:8:"language";O:8:"stdClass":3:{s:3:"iso";s:2:"en";s:4:"text";s:7:"English";s:4:"name";s:7:"english";}}'),
('1d0e307c7dbf9eea093bd33bc4033854', '127.0.0.1', '0', 1370232568, 'a:2:{s:9:"user_data";s:0:"";s:8:"language";O:8:"stdClass":3:{s:3:"iso";s:2:"en";s:4:"text";s:7:"English";s:4:"name";s:7:"english";}}'),
('1d210e1ece696beb18be10635cd3577a', '27.73.48.8', 'Mozilla/5.0 (Windows NT 6.1) AppleWebKit/537.36 (KHTML, like Gecko) Chrome/27.0.1453.94 Safari/537.36', 1370231968, 'a:2:{s:9:"user_data";s:0:"";s:8:"language";O:8:"stdClass":3:{s:3:"iso";s:2:"en";s:4:"text";s:7:"English";s:4:"name";s:7:"english";}}'),
('1e3dee46a14b2de3da521b3769ffed0d', '127.0.0.1', '0', 1370233588, 'a:2:{s:9:"user_data";s:0:"";s:8:"language";O:8:"stdClass":3:{s:3:"iso";s:2:"en";s:4:"text";s:7:"English";s:4:"name";s:7:"english";}}'),
('20ca821761f55d60802a3ade1db29aca', '127.0.0.1', '0', 1370233048, 'a:2:{s:9:"user_data";s:0:"";s:8:"language";O:8:"stdClass":3:{s:3:"iso";s:2:"en";s:4:"text";s:7:"English";s:4:"name";s:7:"english";}}'),
('218cc30c2c671a95612e6b454e553e64', '127.0.0.1', '0', 1370227467, 'a:2:{s:9:"user_data";s:0:"";s:8:"language";O:8:"stdClass":3:{s:3:"iso";s:2:"en";s:4:"text";s:7:"English";s:4:"name";s:7:"english";}}'),
('246853b8b27bd46f41001439911db655', '58.186.137.231', 'Mozilla/5.0 (Windows NT 6.1; WOW64) AppleWebKit/537.36 (KHTML, like Gecko) Chrome/27.0.1453.94 Safari/537.36', 1370229492, 'a:2:{s:9:"user_data";O:8:"stdClass":16:{s:2:"id";s:2:"12";s:7:"role_id";s:2:"23";s:10:"first_name";s:5:"Vuong";s:9:"last_name";s:4:"Dinh";s:8:"password";s:6:"123456";s:5:"email";s:25:"vuong.dinh.quoc@gmail.com";s:5:"phone";s:11:"84979222177";s:12:"created_date";s:19:"2013-01-08 13:48:00";s:6:"status";s:1:"1";s:6:"avatar";s:0:"";s:7:"address";s:0:"";s:9:"activated";s:1:"1";s:13:"activated_key";s:13:"50ebc1206f5b5";s:10:"company_id";s:2:"12";s:11:"role_status";s:1:"1";s:12:"company_name";s:15:"K2 Milltech Ltd";}s:8:"language";O:8:"stdClass":3:{s:3:"iso";s:2:"en";s:4:"text";s:7:"English";s:4:"name";s:7:"english";}}'),
('255c892ac793a1cfa8bd0505946ed31e', '127.0.0.1', '0', 1370226927, 'a:2:{s:9:"user_data";s:0:"";s:8:"language";O:8:"stdClass":3:{s:3:"iso";s:2:"en";s:4:"text";s:7:"English";s:4:"name";s:7:"english";}}'),
('282e3698740f3e3e9ac79fa883211377', '127.0.0.1', '0', 1370232208, 'a:2:{s:9:"user_data";s:0:"";s:8:"language";O:8:"stdClass":3:{s:3:"iso";s:2:"en";s:4:"text";s:7:"English";s:4:"name";s:7:"english";}}'),
('2b895e8ff73db64167cb6dddb1f7d227', '127.0.0.1', '0', 1370232928, 'a:2:{s:9:"user_data";s:0:"";s:8:"language";O:8:"stdClass":3:{s:3:"iso";s:2:"en";s:4:"text";s:7:"English";s:4:"name";s:7:"english";}}'),
('2e0e236598d70fcae6231e598de87891', '127.0.0.1', '0', 1370228187, 'a:2:{s:9:"user_data";s:0:"";s:8:"language";O:8:"stdClass":3:{s:3:"iso";s:2:"en";s:4:"text";s:7:"English";s:4:"name";s:7:"english";}}'),
('2e7d857f974837bff940f79dd24cc566', '127.0.0.1', '0', 1370227407, 'a:2:{s:9:"user_data";s:0:"";s:8:"language";O:8:"stdClass":3:{s:3:"iso";s:2:"en";s:4:"text";s:7:"English";s:4:"name";s:7:"english";}}'),
('2fabd5203af025e85d1805862e9beb4b', '127.0.0.1', '0', 1370232808, 'a:2:{s:9:"user_data";s:0:"";s:8:"language";O:8:"stdClass":3:{s:3:"iso";s:2:"en";s:4:"text";s:7:"English";s:4:"name";s:7:"english";}}'),
('336c9f23be73421782203fee3176dcec', '127.0.0.1', '0', 1370227167, 'a:2:{s:9:"user_data";s:0:"";s:8:"language";O:8:"stdClass":3:{s:3:"iso";s:2:"en";s:4:"text";s:7:"English";s:4:"name";s:7:"english";}}'),
('34894e0fde5a34ea4bbd359a607ca456', '127.0.0.1', '0', 1370233648, 'a:2:{s:9:"user_data";s:0:"";s:8:"language";O:8:"stdClass":3:{s:3:"iso";s:2:"en";s:4:"text";s:7:"English";s:4:"name";s:7:"english";}}'),
('3489a8944cdb3705cb1cb9ff87906c02', '127.0.0.1', '0', 1370229087, 'a:2:{s:9:"user_data";s:0:"";s:8:"language";O:8:"stdClass":3:{s:3:"iso";s:2:"en";s:4:"text";s:7:"English";s:4:"name";s:7:"english";}}'),
('36b82404bff638ba0f1f1e8f2b80a653', '58.186.137.231', 'Mozilla/5.0 (Windows NT 6.1; WOW64) AppleWebKit/537.36 (KHTML, like Gecko) Chrome/27.0.1453.94 Safari/537.36', 1370229492, 'a:2:{s:9:"user_data";s:0:"";s:8:"language";O:8:"stdClass":3:{s:3:"iso";s:2:"en";s:4:"text";s:7:"English";s:4:"name";s:7:"english";}}'),
('3966396732feaa00b9d48062663523ac', '127.0.0.1', '0', 1370229455, 'a:2:{s:9:"user_data";s:0:"";s:8:"language";O:8:"stdClass":3:{s:3:"iso";s:2:"en";s:4:"text";s:7:"English";s:4:"name";s:7:"english";}}'),
('3a6eff6e3118828475327e67097dd049', '27.73.48.8', 'Mozilla/5.0 (Windows NT 6.1) AppleWebKit/537.36 (KHTML, like Gecko) Chrome/27.0.1453.94 Safari/537.36', 1370231358, 'a:2:{s:9:"user_data";s:0:"";s:8:"language";O:8:"stdClass":3:{s:3:"iso";s:2:"en";s:4:"text";s:7:"English";s:4:"name";s:7:"english";}}'),
('3d6653dc749ac63c9c476578f82087bf', '127.0.0.1', '0', 1370231668, 'a:2:{s:9:"user_data";s:0:"";s:8:"language";O:8:"stdClass":3:{s:3:"iso";s:2:"en";s:4:"text";s:7:"English";s:4:"name";s:7:"english";}}'),
('435fbf690d17a37ea774dd2cf474b641', '58.186.137.231', 'Mozilla/5.0 (Windows NT 6.1; WOW64) AppleWebKit/537.36 (KHTML, like Gecko) Chrome/27.0.1453.94 Safari/537.36', 1370230400, 'a:2:{s:9:"user_data";O:8:"stdClass":16:{s:2:"id";s:2:"12";s:7:"role_id";s:2:"23";s:10:"first_name";s:5:"Vuong";s:9:"last_name";s:4:"Dinh";s:8:"password";s:6:"123456";s:5:"email";s:25:"vuong.dinh.quoc@gmail.com";s:5:"phone";s:11:"84979222177";s:12:"created_date";s:19:"2013-01-08 13:48:00";s:6:"status";s:1:"1";s:6:"avatar";s:0:"";s:7:"address";s:0:"";s:9:"activated";s:1:"1";s:13:"activated_key";s:13:"50ebc1206f5b5";s:10:"company_id";s:2:"12";s:11:"role_status";s:1:"1";s:12:"company_name";s:15:"K2 Milltech Ltd";}s:8:"language";O:8:"stdClass":3:{s:3:"iso";s:2:"en";s:4:"text";s:7:"English";s:4:"name";s:7:"english";}}'),
('46dd0c73cc99a25a1be54fcf1781389c', '127.0.0.1', '0', 1370228367, 'a:2:{s:9:"user_data";s:0:"";s:8:"language";O:8:"stdClass":3:{s:3:"iso";s:2:"en";s:4:"text";s:7:"English";s:4:"name";s:7:"english";}}'),
('4b04130e8cc109ba48937ac97d100e90', '127.0.0.1', '0', 1370233468, 'a:2:{s:9:"user_data";s:0:"";s:8:"language";O:8:"stdClass":3:{s:3:"iso";s:2:"en";s:4:"text";s:7:"English";s:4:"name";s:7:"english";}}'),
('4bb3d2647721a566e8d9e48757d9c6e6', '58.186.137.231', 'Mozilla/5.0 (Windows NT 6.1; WOW64) AppleWebKit/537.36 (KHTML, like Gecko) Chrome/27.0.1453.94 Safari/537.36', 1370230705, 'a:2:{s:9:"user_data";s:0:"";s:8:"language";O:8:"stdClass":3:{s:3:"iso";s:2:"en";s:4:"text";s:7:"English";s:4:"name";s:7:"english";}}'),
('4c8b57d45bfed8a64895097991f591f6', '127.0.0.1', '0', 1370230468, 'a:2:{s:9:"user_data";s:0:"";s:8:"language";O:8:"stdClass":3:{s:3:"iso";s:2:"en";s:4:"text";s:7:"English";s:4:"name";s:7:"english";}}'),
('524c60a7f9dde0214a0caafbe392892d', '127.0.0.1', '0', 1370231788, 'a:2:{s:9:"user_data";s:0:"";s:8:"language";O:8:"stdClass":3:{s:3:"iso";s:2:"en";s:4:"text";s:7:"English";s:4:"name";s:7:"english";}}'),
('53552e0d3de2ddcde1b1531a3687428c', '27.73.48.8', 'Mozilla/5.0 (Windows NT 6.1) AppleWebKit/537.36 (KHTML, like Gecko) Chrome/27.0.1453.94 Safari/537.36', 1370233188, 'a:2:{s:9:"user_data";s:0:"";s:8:"language";O:8:"stdClass":3:{s:3:"iso";s:2:"en";s:4:"text";s:7:"English";s:4:"name";s:7:"english";}}'),
('54b374362ea0bbced4d2f4df2633c307', '127.0.0.1', '0', 1370227707, 'a:2:{s:9:"user_data";s:0:"";s:8:"language";O:8:"stdClass":3:{s:3:"iso";s:2:"en";s:4:"text";s:7:"English";s:4:"name";s:7:"english";}}'),
('56df965054a72be415a09d1b327638ca', '127.0.0.1', '0', 1370227528, 'a:2:{s:9:"user_data";s:0:"";s:8:"language";O:8:"stdClass":3:{s:3:"iso";s:2:"en";s:4:"text";s:7:"English";s:4:"name";s:7:"english";}}'),
('5786b4a9abfdc40d2eb2c135e045665b', '27.73.48.8', 'Mozilla/5.0 (Windows NT 6.1) AppleWebKit/537.36 (KHTML, like Gecko) Chrome/27.0.1453.94 Safari/537.36', 1370233188, 'a:2:{s:9:"user_data";s:0:"";s:8:"language";O:8:"stdClass":3:{s:3:"iso";s:2:"en";s:4:"text";s:7:"English";s:4:"name";s:7:"english";}}'),
('58868d70c1c30e26690fe222098baa90', '127.0.0.1', '0', 1370233288, 'a:2:{s:9:"user_data";s:0:"";s:8:"language";O:8:"stdClass":3:{s:3:"iso";s:2:"en";s:4:"text";s:7:"English";s:4:"name";s:7:"english";}}'),
('5ae3848634fc53f8ce89c980db212367', '58.186.137.231', 'Mozilla/5.0 (Windows NT 6.1; WOW64) AppleWebKit/537.36 (KHTML, like Gecko) Chrome/27.0.1453.94 Safari/537.36', 1370230705, 'a:2:{s:9:"user_data";O:8:"stdClass":16:{s:2:"id";s:2:"12";s:7:"role_id";s:2:"23";s:10:"first_name";s:5:"Vuong";s:9:"last_name";s:4:"Dinh";s:8:"password";s:6:"123456";s:5:"email";s:25:"vuong.dinh.quoc@gmail.com";s:5:"phone";s:11:"84979222177";s:12:"created_date";s:19:"2013-01-08 13:48:00";s:6:"status";s:1:"1";s:6:"avatar";s:0:"";s:7:"address";s:0:"";s:9:"activated";s:1:"1";s:13:"activated_key";s:13:"50ebc1206f5b5";s:10:"company_id";s:2:"12";s:11:"role_status";s:1:"1";s:12:"company_name";s:15:"K2 Milltech Ltd";}s:8:"language";O:8:"stdClass":3:{s:3:"iso";s:2:"en";s:4:"text";s:7:"English";s:4:"name";s:7:"english";}}'),
('5af72dea696b2449eb3b687857110cab', '127.0.0.1', '0', 1370230348, 'a:2:{s:9:"user_data";s:0:"";s:8:"language";O:8:"stdClass":3:{s:3:"iso";s:2:"en";s:4:"text";s:7:"English";s:4:"name";s:7:"english";}}'),
('5b561f9c767a4adfc358e683f8e6db69', '127.0.0.1', '0', 1370229688, 'a:2:{s:9:"user_data";s:0:"";s:8:"language";O:8:"stdClass":3:{s:3:"iso";s:2:"en";s:4:"text";s:7:"English";s:4:"name";s:7:"english";}}'),
('5d672dfb67ad3399c729612863a9141f', '127.0.0.1', '0', 1370232088, 'a:2:{s:9:"user_data";s:0:"";s:8:"language";O:8:"stdClass":3:{s:3:"iso";s:2:"en";s:4:"text";s:7:"English";s:4:"name";s:7:"english";}}'),
('5e660bf92535a31764dc2fa8bd1804d1', '27.73.48.8', 'Mozilla/5.0 (Windows NT 6.1) AppleWebKit/537.36 (KHTML, like Gecko) Chrome/27.0.1453.94 Safari/537.36', 1370230446, 'a:2:{s:9:"user_data";O:8:"stdClass":16:{s:2:"id";s:2:"12";s:7:"role_id";s:2:"23";s:10:"first_name";s:5:"Vuong";s:9:"last_name";s:4:"Dinh";s:8:"password";s:6:"123456";s:5:"email";s:25:"vuong.dinh.quoc@gmail.com";s:5:"phone";s:11:"84979222177";s:12:"created_date";s:19:"2013-01-08 13:48:00";s:6:"status";s:1:"1";s:6:"avatar";s:0:"";s:7:"address";s:0:"";s:9:"activated";s:1:"1";s:13:"activated_key";s:13:"50ebc1206f5b5";s:10:"company_id";s:2:"12";s:11:"role_status";s:1:"1";s:12:"company_name";s:15:"K2 Milltech Ltd";}s:8:"language";O:8:"stdClass":3:{s:3:"iso";s:2:"en";s:4:"text";s:7:"English";s:4:"name";s:7:"english";}}'),
('60e94b77c4cb1a65bf5ec3bd95413ae0', '127.0.0.1', '0', 1370226327, 'a:2:{s:9:"user_data";s:0:"";s:8:"language";O:8:"stdClass":3:{s:3:"iso";s:2:"en";s:4:"text";s:7:"English";s:4:"name";s:7:"english";}}'),
('6202ceb700b30563c14a8e57a53fa641', '58.186.137.231', 'Mozilla/5.0 (Windows NT 6.1; WOW64) AppleWebKit/537.36 (KHTML, like Gecko) Chrome/27.0.1453.94 Safari/537.36', 1370229492, 'a:2:{s:9:"user_data";s:0:"";s:8:"language";O:8:"stdClass":3:{s:3:"iso";s:2:"en";s:4:"text";s:7:"English";s:4:"name";s:7:"english";}}'),
('6488f8247a6afdbbfef84208801bd46e', '58.186.137.231', 'Mozilla/5.0 (Windows NT 6.1; WOW64) AppleWebKit/537.36 (KHTML, like Gecko) Chrome/27.0.1453.94 Safari/537.36', 1370230400, 'a:2:{s:9:"user_data";s:0:"";s:8:"language";O:8:"stdClass":3:{s:3:"iso";s:2:"en";s:4:"text";s:7:"English";s:4:"name";s:7:"english";}}'),
('64f30c709e77313b2315b930201d71f9', '127.0.0.1', '0', 1370231728, 'a:2:{s:9:"user_data";s:0:"";s:8:"language";O:8:"stdClass":3:{s:3:"iso";s:2:"en";s:4:"text";s:7:"English";s:4:"name";s:7:"english";}}'),
('66221a22583e382410250442c7eb25d2', '27.73.48.8', 'Mozilla/5.0 (Windows NT 6.1) AppleWebKit/537.36 (KHTML, like Gecko) Chrome/27.0.1453.94 Safari/537.36', 1370232578, 'a:2:{s:9:"user_data";s:0:"";s:8:"language";O:8:"stdClass":3:{s:3:"iso";s:2:"en";s:4:"text";s:7:"English";s:4:"name";s:7:"english";}}'),
('684e390ce7b3a320c528c30369022700', '127.0.0.1', '0', 1370226507, 'a:2:{s:9:"user_data";s:0:"";s:8:"language";O:8:"stdClass":3:{s:3:"iso";s:2:"en";s:4:"text";s:7:"English";s:4:"name";s:7:"english";}}'),
('691b7f17ed78fce098455c58b35d8ccd', '127.0.0.1', '0', 1370230588, 'a:2:{s:9:"user_data";s:0:"";s:8:"language";O:8:"stdClass":3:{s:3:"iso";s:2:"en";s:4:"text";s:7:"English";s:4:"name";s:7:"english";}}'),
('699f5b777ca1fe7cfdb5a7f45ad52d7b', '127.0.0.1', '0', 1370229868, 'a:2:{s:9:"user_data";s:0:"";s:8:"language";O:8:"stdClass":3:{s:3:"iso";s:2:"en";s:4:"text";s:7:"English";s:4:"name";s:7:"english";}}'),
('6a2d50be36220ddcda8e275f402c2255', '127.0.0.1', '0', 1370228067, 'a:2:{s:9:"user_data";s:0:"";s:8:"language";O:8:"stdClass":3:{s:3:"iso";s:2:"en";s:4:"text";s:7:"English";s:4:"name";s:7:"english";}}'),
('6aa88e17e88aa8b7849dbcb64bd44b23', '127.0.0.1', '0', 1370229147, 'a:2:{s:9:"user_data";s:0:"";s:8:"language";O:8:"stdClass":3:{s:3:"iso";s:2:"en";s:4:"text";s:7:"English";s:4:"name";s:7:"english";}}'),
('6c3e45c604517d4416d51e919393f104', '127.0.0.1', '0', 1370230108, 'a:2:{s:9:"user_data";s:0:"";s:8:"language";O:8:"stdClass":3:{s:3:"iso";s:2:"en";s:4:"text";s:7:"English";s:4:"name";s:7:"english";}}'),
('6c8e4914d7f8ed77857b6f5f2e338d1f', '127.0.0.1', '0', 1370232508, 'a:2:{s:9:"user_data";s:0:"";s:8:"language";O:8:"stdClass":3:{s:3:"iso";s:2:"en";s:4:"text";s:7:"English";s:4:"name";s:7:"english";}}'),
('6cb8497028223308bf68cbe857bba90d', '127.0.0.1', '0', 1370227834, 'a:2:{s:9:"user_data";s:0:"";s:8:"language";O:8:"stdClass":3:{s:3:"iso";s:2:"en";s:4:"text";s:7:"English";s:4:"name";s:7:"english";}}'),
('6cbdecb6983fece0d8f0c04068e7b9d4', '127.0.0.1', '0', 1370231248, 'a:2:{s:9:"user_data";s:0:"";s:8:"language";O:8:"stdClass":3:{s:3:"iso";s:2:"en";s:4:"text";s:7:"English";s:4:"name";s:7:"english";}}'),
('6d45cb963f4f0e0be300e55edb819e1d', '58.186.137.231', 'Mozilla/5.0 (Windows NT 6.1; WOW64) AppleWebKit/537.36 (KHTML, like Gecko) Chrome/27.0.1453.94 Safari/537.36', 1370229191, 'a:2:{s:9:"user_data";O:8:"stdClass":16:{s:2:"id";s:2:"12";s:7:"role_id";s:2:"23";s:10:"first_name";s:5:"Vuong";s:9:"last_name";s:4:"Dinh";s:8:"password";s:6:"123456";s:5:"email";s:25:"vuong.dinh.quoc@gmail.com";s:5:"phone";s:11:"84979222177";s:12:"created_date";s:19:"2013-01-08 13:48:00";s:6:"status";s:1:"1";s:6:"avatar";s:0:"";s:7:"address";s:0:"";s:9:"activated";s:1:"1";s:13:"activated_key";s:13:"50ebc1206f5b5";s:10:"company_id";s:2:"12";s:11:"role_status";s:1:"1";s:12:"company_name";s:15:"K2 Milltech Ltd";}s:8:"language";O:8:"stdClass":3:{s:3:"iso";s:2:"en";s:4:"text";s:7:"English";s:4:"name";s:7:"english";}}'),
('6d88dd9bcaa97c599ec8ee0e10a64de2', '127.0.0.1', '0', 1370227047, 'a:2:{s:9:"user_data";s:0:"";s:8:"language";O:8:"stdClass":3:{s:3:"iso";s:2:"en";s:4:"text";s:7:"English";s:4:"name";s:7:"english";}}'),
('7178c5bf0019d593746411a30c6d5f10', '127.0.0.1', '0', 1370231908, 'a:2:{s:9:"user_data";s:0:"";s:8:"language";O:8:"stdClass":3:{s:3:"iso";s:2:"en";s:4:"text";s:7:"English";s:4:"name";s:7:"english";}}'),
('71bd8e2f381b506c92a7bf9b1fe1f60a', '127.0.0.1', '0', 1370232028, 'a:2:{s:9:"user_data";s:0:"";s:8:"language";O:8:"stdClass":3:{s:3:"iso";s:2:"en";s:4:"text";s:7:"English";s:4:"name";s:7:"english";}}'),
('71c943bc04078e83c97692ccdbe062c2', '127.0.0.1', '0', 1370226447, 'a:2:{s:9:"user_data";s:0:"";s:8:"language";O:8:"stdClass":3:{s:3:"iso";s:2:"en";s:4:"text";s:7:"English";s:4:"name";s:7:"english";}}'),
('72ed9c7cc762f65a257f465b56a28a34', '127.0.0.1', '0', 1370226627, 'a:2:{s:9:"user_data";s:0:"";s:8:"language";O:8:"stdClass":3:{s:3:"iso";s:2:"en";s:4:"text";s:7:"English";s:4:"name";s:7:"english";}}'),
('738f8fa8e4240803b2030c37326fae71', '58.186.137.231', 'Mozilla/5.0 (Windows NT 6.1; WOW64) AppleWebKit/537.36 (KHTML, like Gecko) Chrome/27.0.1453.94 Safari/537.36', 1370229793, 'a:2:{s:9:"user_data";O:8:"stdClass":16:{s:2:"id";s:2:"12";s:7:"role_id";s:2:"23";s:10:"first_name";s:5:"Vuong";s:9:"last_name";s:4:"Dinh";s:8:"password";s:6:"123456";s:5:"email";s:25:"vuong.dinh.quoc@gmail.com";s:5:"phone";s:11:"84979222177";s:12:"created_date";s:19:"2013-01-08 13:48:00";s:6:"status";s:1:"1";s:6:"avatar";s:0:"";s:7:"address";s:0:"";s:9:"activated";s:1:"1";s:13:"activated_key";s:13:"50ebc1206f5b5";s:10:"company_id";s:2:"12";s:11:"role_status";s:1:"1";s:12:"company_name";s:15:"K2 Milltech Ltd";}s:8:"language";O:8:"stdClass":3:{s:3:"iso";s:2:"en";s:4:"text";s:7:"English";s:4:"name";s:7:"english";}}'),
('75ef7f6547da7db5ad6b11d84c1dca7d', '127.0.0.1', '0', 1370228555, 'a:2:{s:9:"user_data";s:0:"";s:8:"language";O:8:"stdClass":3:{s:3:"iso";s:2:"en";s:4:"text";s:7:"English";s:4:"name";s:7:"english";}}'),
('761234bd2acb3bc00f75f04037a2efac', '127.0.0.1', '0', 1370232328, 'a:2:{s:9:"user_data";s:0:"";s:8:"language";O:8:"stdClass":3:{s:3:"iso";s:2:"en";s:4:"text";s:7:"English";s:4:"name";s:7:"english";}}'),
('763cb8f5c25ab90c37278260044756a5', '127.0.0.1', '0', 1370227347, 'a:2:{s:9:"user_data";s:0:"";s:8:"language";O:8:"stdClass":3:{s:3:"iso";s:2:"en";s:4:"text";s:7:"English";s:4:"name";s:7:"english";}}'),
('764be2719079684fe3278d7b9cc6fafa', '127.0.0.1', '0', 1370229628, 'a:2:{s:9:"user_data";s:0:"";s:8:"language";O:8:"stdClass":3:{s:3:"iso";s:2:"en";s:4:"text";s:7:"English";s:4:"name";s:7:"english";}}'),
('76acaa2a2b8017e94d1f132aa0599ece', '127.0.0.1', '0', 1370231008, 'a:2:{s:9:"user_data";s:0:"";s:8:"language";O:8:"stdClass":3:{s:3:"iso";s:2:"en";s:4:"text";s:7:"English";s:4:"name";s:7:"english";}}'),
('7a1eb99da53e8ae083a16c0e127d84c8', '127.0.0.1', '0', 1370230050, 'a:2:{s:9:"user_data";s:0:"";s:8:"language";O:8:"stdClass":3:{s:3:"iso";s:2:"en";s:4:"text";s:7:"English";s:4:"name";s:7:"english";}}'),
('7aee03fa8b1d66b0e60d4981e3b72b7e', '127.0.0.1', '0', 1370228247, 'a:2:{s:9:"user_data";s:0:"";s:8:"language";O:8:"stdClass":3:{s:3:"iso";s:2:"en";s:4:"text";s:7:"English";s:4:"name";s:7:"english";}}'),
('80ebe37c776d6f3da36d446520e36dd5', '127.0.0.1', '0', 1370232148, 'a:2:{s:9:"user_data";s:0:"";s:8:"language";O:8:"stdClass":3:{s:3:"iso";s:2:"en";s:4:"text";s:7:"English";s:4:"name";s:7:"english";}}'),
('81c3a68b8f668c1e501fab71795fc24e', '127.0.0.1', '0', 1370229808, 'a:2:{s:9:"user_data";s:0:"";s:8:"language";O:8:"stdClass":3:{s:3:"iso";s:2:"en";s:4:"text";s:7:"English";s:4:"name";s:7:"english";}}'),
('82287c2905804d89fc4c91ef7323a277', '127.0.0.1', '0', 1370229508, 'a:2:{s:9:"user_data";s:0:"";s:8:"language";O:8:"stdClass":3:{s:3:"iso";s:2:"en";s:4:"text";s:7:"English";s:4:"name";s:7:"english";}}'),
('855f33423ec8436b549d6fa7efcc52cb', '27.73.48.8', 'Mozilla/5.0 (Windows NT 6.1) AppleWebKit/537.36 (KHTML, like Gecko) Chrome/27.0.1453.94 Safari/537.36', 1370231968, 'a:2:{s:9:"user_data";s:0:"";s:8:"language";O:8:"stdClass":3:{s:3:"iso";s:2:"en";s:4:"text";s:7:"English";s:4:"name";s:7:"english";}}'),
('87553a1521fec4bb5a9c4408286bd72d', '27.73.48.8', 'Mozilla/5.0 (Windows NT 6.1) AppleWebKit/537.36 (KHTML, like Gecko) Chrome/27.0.1453.94 Safari/537.36', 1370229238, 'a:2:{s:9:"user_data";s:0:"";s:8:"language";O:8:"stdClass":3:{s:3:"iso";s:2:"en";s:4:"text";s:7:"English";s:4:"name";s:7:"english";}}'),
('898e724eb604d65bd345efa8e804cef6', '127.0.0.1', '0', 1370232868, 'a:2:{s:9:"user_data";s:0:"";s:8:"language";O:8:"stdClass":3:{s:3:"iso";s:2:"en";s:4:"text";s:7:"English";s:4:"name";s:7:"english";}}'),
('8a7261c34ac1c2f48c33678d3ed38f5c', '127.0.0.1', '0', 1370232448, 'a:2:{s:9:"user_data";s:0:"";s:8:"language";O:8:"stdClass":3:{s:3:"iso";s:2:"en";s:4:"text";s:7:"English";s:4:"name";s:7:"english";}}'),
('8df9d77ecfc41830b67a80d97cc1c0d5', '27.73.48.8', 'Mozilla/5.0 (Windows NT 6.1) AppleWebKit/537.36 (KHTML, like Gecko) Chrome/27.0.1453.94 Safari/537.36', 1370230749, 'a:2:{s:9:"user_data";s:0:"";s:8:"language";O:8:"stdClass":3:{s:3:"iso";s:2:"en";s:4:"text";s:7:"English";s:4:"name";s:7:"english";}}'),
('8f2fe6df206580250446a609fc887a56', '127.0.0.1', '0', 1370233108, 'a:2:{s:9:"user_data";s:0:"";s:8:"language";O:8:"stdClass":3:{s:3:"iso";s:2:"en";s:4:"text";s:7:"English";s:4:"name";s:7:"english";}}'),
('8f976e99c4e1bdf66da4bc0b889f2943', '127.0.0.1', '0', 1370228967, 'a:2:{s:9:"user_data";s:0:"";s:8:"language";O:8:"stdClass":3:{s:3:"iso";s:2:"en";s:4:"text";s:7:"English";s:4:"name";s:7:"english";}}'),
('923721924212fef89eec0ac242ebc5c9', '127.0.0.1', '0', 1370227107, 'a:2:{s:9:"user_data";s:0:"";s:8:"language";O:8:"stdClass":3:{s:3:"iso";s:2:"en";s:4:"text";s:7:"English";s:4:"name";s:7:"english";}}'),
('927952d13ba6df828b8b7fbf2a931a9c', '127.0.0.1', '0', 1370231368, 'a:2:{s:9:"user_data";s:0:"";s:8:"language";O:8:"stdClass":3:{s:3:"iso";s:2:"en";s:4:"text";s:7:"English";s:4:"name";s:7:"english";}}'),
('94e76926d559dca2876bfda0b0890a3c', '27.73.48.8', 'Mozilla/5.0 (Windows NT 6.1) AppleWebKit/537.36 (KHTML, like Gecko) Chrome/27.0.1453.94 Safari/537.36', 1370231358, 'a:2:{s:9:"user_data";s:0:"";s:8:"language";O:8:"stdClass":3:{s:3:"iso";s:2:"en";s:4:"text";s:7:"English";s:4:"name";s:7:"english";}}'),
('9749a3f3427f4b0440ccd45bf6db76b5', '127.0.0.1', '0', 1370229267, 'a:2:{s:9:"user_data";s:0:"";s:8:"language";O:8:"stdClass":3:{s:3:"iso";s:2:"en";s:4:"text";s:7:"English";s:4:"name";s:7:"english";}}'),
('980a2abb0fce5b35ba84e1535f25a119', '27.73.48.8', 'Mozilla/5.0 (Windows NT 6.1) AppleWebKit/537.36 (KHTML, like Gecko) Chrome/27.0.1453.94 Safari/537.36', 1370233490, 'a:2:{s:9:"user_data";O:8:"stdClass":16:{s:2:"id";s:2:"12";s:7:"role_id";s:2:"23";s:10:"first_name";s:5:"Vuong";s:9:"last_name";s:4:"Dinh";s:8:"password";s:6:"123456";s:5:"email";s:25:"vuong.dinh.quoc@gmail.com";s:5:"phone";s:11:"84979222177";s:12:"created_date";s:19:"2013-01-08 13:48:00";s:6:"status";s:1:"1";s:6:"avatar";s:0:"";s:7:"address";s:0:"";s:9:"activated";s:1:"1";s:13:"activated_key";s:13:"50ebc1206f5b5";s:10:"company_id";s:2:"12";s:11:"role_status";s:1:"1";s:12:"company_name";s:15:"K2 Milltech Ltd";}s:8:"language";O:8:"stdClass":3:{s:3:"iso";s:2:"en";s:4:"text";s:7:"English";s:4:"name";s:7:"english";}}'),
('9b33fb775ccad5399910f9ae17336309', '27.73.48.8', 'Mozilla/5.0 (Windows NT 6.1) AppleWebKit/537.36 (KHTML, like Gecko) Chrome/27.0.1453.94 Safari/537.36', 1370230749, 'a:2:{s:9:"user_data";s:0:"";s:8:"language";O:8:"stdClass":3:{s:3:"iso";s:2:"en";s:4:"text";s:7:"English";s:4:"name";s:7:"english";}}'),
('9ce166c70505ac7f506de203a1871999', '27.73.48.8', 'Mozilla/5.0 (Windows NT 6.1) AppleWebKit/537.36 (KHTML, like Gecko) Chrome/27.0.1453.94 Safari/537.36', 1370231358, 'a:2:{s:9:"user_data";O:8:"stdClass":16:{s:2:"id";s:2:"12";s:7:"role_id";s:2:"23";s:10:"first_name";s:5:"Vuong";s:9:"last_name";s:4:"Dinh";s:8:"password";s:6:"123456";s:5:"email";s:25:"vuong.dinh.quoc@gmail.com";s:5:"phone";s:11:"84979222177";s:12:"created_date";s:19:"2013-01-08 13:48:00";s:6:"status";s:1:"1";s:6:"avatar";s:0:"";s:7:"address";s:0:"";s:9:"activated";s:1:"1";s:13:"activated_key";s:13:"50ebc1206f5b5";s:10:"company_id";s:2:"12";s:11:"role_status";s:1:"1";s:12:"company_name";s:15:"K2 Milltech Ltd";}s:8:"language";O:8:"stdClass":3:{s:3:"iso";s:2:"en";s:4:"text";s:7:"English";s:4:"name";s:7:"english";}}'),
('9d07b16c9423226417b50a429f93ae1a', '127.0.0.1', '0', 1370231428, 'a:2:{s:9:"user_data";s:0:"";s:8:"language";O:8:"stdClass":3:{s:3:"iso";s:2:"en";s:4:"text";s:7:"English";s:4:"name";s:7:"english";}}'),
('9d5e0719a15101292bafa96fa7f52953', '127.0.0.1', '0', 1370228847, 'a:2:{s:9:"user_data";s:0:"";s:8:"language";O:8:"stdClass":3:{s:3:"iso";s:2:"en";s:4:"text";s:7:"English";s:4:"name";s:7:"english";}}'),
('9d96c7fd9ebf16da3e370fd69fca8470', '127.0.0.1', '0', 1370226687, 'a:2:{s:9:"user_data";s:0:"";s:8:"language";O:8:"stdClass":3:{s:3:"iso";s:2:"en";s:4:"text";s:7:"English";s:4:"name";s:7:"english";}}'),
('9f6be293f171ff74caff602bfa38305c', '127.0.0.1', '0', 1370232748, 'a:2:{s:9:"user_data";s:0:"";s:8:"language";O:8:"stdClass":3:{s:3:"iso";s:2:"en";s:4:"text";s:7:"English";s:4:"name";s:7:"english";}}'),
('9f9137e72e4ce5263d53144453ffba7e', '127.0.0.1', '0', 1370226867, 'a:2:{s:9:"user_data";s:0:"";s:8:"language";O:8:"stdClass":3:{s:3:"iso";s:2:"en";s:4:"text";s:7:"English";s:4:"name";s:7:"english";}}'),
('a138f4c732842dc7df584d4b102164a6', '127.0.0.1', '0', 1370228429, 'a:2:{s:9:"user_data";s:0:"";s:8:"language";O:8:"stdClass":3:{s:3:"iso";s:2:"en";s:4:"text";s:7:"English";s:4:"name";s:7:"english";}}'),
('a3d4d8a3542069289f9fafb8378f4ef1', '127.0.0.1', '0', 1370231308, 'a:2:{s:9:"user_data";s:0:"";s:8:"language";O:8:"stdClass":3:{s:3:"iso";s:2:"en";s:4:"text";s:7:"English";s:4:"name";s:7:"english";}}'),
('a75af4758d5f8d47adb964e52b189869', '127.0.0.1', '0', 1370226567, 'a:2:{s:9:"user_data";s:0:"";s:8:"language";O:8:"stdClass":3:{s:3:"iso";s:2:"en";s:4:"text";s:7:"English";s:4:"name";s:7:"english";}}'),
('a89b5f3ef62c063e828e73b52cf9289f', '27.73.48.8', 'Mozilla/5.0 (Windows NT 6.1) AppleWebKit/537.36 (KHTML, like Gecko) Chrome/27.0.1453.94 Safari/537.36', 1370230446, 'a:2:{s:9:"user_data";s:0:"";s:8:"language";O:8:"stdClass":3:{s:3:"iso";s:2:"en";s:4:"text";s:7:"English";s:4:"name";s:7:"english";}}'),
('aa4180ff07040618f078f11e509ee069', '127.0.0.1', '0', 1370233228, 'a:2:{s:9:"user_data";s:0:"";s:8:"language";O:8:"stdClass":3:{s:3:"iso";s:2:"en";s:4:"text";s:7:"English";s:4:"name";s:7:"english";}}'),
('b12f0d4ee4ab7c2d1fd4e0206f596e22', '127.0.0.1', '0', 1370228307, 'a:2:{s:9:"user_data";s:0:"";s:8:"language";O:8:"stdClass":3:{s:3:"iso";s:2:"en";s:4:"text";s:7:"English";s:4:"name";s:7:"english";}}'),
('b37b3663894ac698c87dfebc52cf8aba', '127.0.0.1', '0', 1370228007, 'a:2:{s:9:"user_data";s:0:"";s:8:"language";O:8:"stdClass":3:{s:3:"iso";s:2:"en";s:4:"text";s:7:"English";s:4:"name";s:7:"english";}}'),
('b63055d4e1c8662f74c500dbad59055a', '127.0.0.1', '0', 1370233178, 'a:2:{s:9:"user_data";s:0:"";s:8:"language";O:8:"stdClass":3:{s:3:"iso";s:2:"en";s:4:"text";s:7:"English";s:4:"name";s:7:"english";}}'),
('b74225a331d818204c5e48aabd41732b', '58.186.137.231', 'Mozilla/5.0 (Windows NT 6.1; WOW64) AppleWebKit/537.36 (KHTML, like Gecko) Chrome/27.0.1453.94 Safari/537.36', 1370230705, 'a:2:{s:9:"user_data";s:0:"";s:8:"language";O:8:"stdClass":3:{s:3:"iso";s:2:"en";s:4:"text";s:7:"English";s:4:"name";s:7:"english";}}'),
('bb2d2a1f1e66b24877d2d72106969e46', '127.0.0.1', '0', 1370230948, 'a:2:{s:9:"user_data";s:0:"";s:8:"language";O:8:"stdClass":3:{s:3:"iso";s:2:"en";s:4:"text";s:7:"English";s:4:"name";s:7:"english";}}'),
('bcf31d959ba38a9d6a3f7499808df16c', '127.0.0.1', '0', 1370231068, 'a:2:{s:9:"user_data";s:0:"";s:8:"language";O:8:"stdClass":3:{s:3:"iso";s:2:"en";s:4:"text";s:7:"English";s:4:"name";s:7:"english";}}'),
('bd178a82928dcb85a6bce053d779c4e7', '127.0.0.1', '0', 1370229928, 'a:2:{s:9:"user_data";s:0:"";s:8:"language";O:8:"stdClass":3:{s:3:"iso";s:2:"en";s:4:"text";s:7:"English";s:4:"name";s:7:"english";}}'),
('c11eb32b767dfa9218b336fae321dcd7', '58.186.137.231', 'Mozilla/5.0 (Windows NT 6.1; WOW64) AppleWebKit/537.36 (KHTML, like Gecko) Chrome/27.0.1453.94 Safari/537.36', 1370230705, 'a:2:{s:9:"user_data";O:8:"stdClass":16:{s:2:"id";s:2:"12";s:7:"role_id";s:2:"23";s:10:"first_name";s:5:"Vuong";s:9:"last_name";s:4:"Dinh";s:8:"password";s:6:"123456";s:5:"email";s:25:"vuong.dinh.quoc@gmail.com";s:5:"phone";s:11:"84979222177";s:12:"created_date";s:19:"2013-01-08 13:48:00";s:6:"status";s:1:"1";s:6:"avatar";s:0:"";s:7:"address";s:0:"";s:9:"activated";s:1:"1";s:13:"activated_key";s:13:"50ebc1206f5b5";s:10:"company_id";s:2:"12";s:11:"role_status";s:1:"1";s:12:"company_name";s:15:"K2 Milltech Ltd";}s:8:"language";O:8:"stdClass":3:{s:3:"iso";s:2:"en";s:4:"text";s:7:"English";s:4:"name";s:7:"english";}}'),
('c23235237d473e67bc4ec59296fa4d20', '127.0.0.1', '0', 1370229387, 'a:2:{s:9:"user_data";s:0:"";s:8:"language";O:8:"stdClass":3:{s:3:"iso";s:2:"en";s:4:"text";s:7:"English";s:4:"name";s:7:"english";}}'),
('c36e219db4c4f655a54c6f0f6c40e248', '127.0.0.1', '0', 1370230654, 'a:2:{s:9:"user_data";s:0:"";s:8:"language";O:8:"stdClass":3:{s:3:"iso";s:2:"en";s:4:"text";s:7:"English";s:4:"name";s:7:"english";}}'),
('c39d8fb057b13b0db80e05111ce34761', '27.73.48.8', 'Mozilla/5.0 (Windows NT 6.1) AppleWebKit/537.36 (KHTML, like Gecko) Chrome/27.0.1453.94 Safari/537.36', 1370232578, 'a:2:{s:9:"user_data";s:0:"";s:8:"language";O:8:"stdClass":3:{s:3:"iso";s:2:"en";s:4:"text";s:7:"English";s:4:"name";s:7:"english";}}'),
('c6b8d69f637c062dea1cec8cbf3cd0f6', '127.0.0.1', '0', 1370227947, 'a:2:{s:9:"user_data";s:0:"";s:8:"language";O:8:"stdClass":3:{s:3:"iso";s:2:"en";s:4:"text";s:7:"English";s:4:"name";s:7:"english";}}'),
('c6f1fba96ac2e4dadd23ad86fde5d82f', '127.0.0.1', '0', 1370231608, 'a:2:{s:9:"user_data";s:0:"";s:8:"language";O:8:"stdClass":3:{s:3:"iso";s:2:"en";s:4:"text";s:7:"English";s:4:"name";s:7:"english";}}'),
('c85643482925a3c71f4cd2807902758b', '27.73.48.8', 'Mozilla/5.0 (Windows NT 6.1) AppleWebKit/537.36 (KHTML, like Gecko) Chrome/27.0.1453.94 Safari/537.36', 1370227394, 'a:2:{s:9:"user_data";O:8:"stdClass":16:{s:2:"id";s:2:"12";s:7:"role_id";s:2:"23";s:10:"first_name";s:5:"Vuong";s:9:"last_name";s:4:"Dinh";s:8:"password";s:6:"123456";s:5:"email";s:25:"vuong.dinh.quoc@gmail.com";s:5:"phone";s:11:"84979222177";s:12:"created_date";s:19:"2013-01-08 13:48:00";s:6:"status";s:1:"1";s:6:"avatar";s:0:"";s:7:"address";s:0:"";s:9:"activated";s:1:"1";s:13:"activated_key";s:13:"50ebc1206f5b5";s:10:"company_id";s:2:"12";s:11:"role_status";s:1:"1";s:12:"company_name";s:15:"K2 Milltech Ltd";}s:8:"language";O:8:"stdClass":3:{s:3:"iso";s:2:"en";s:4:"text";s:7:"English";s:4:"name";s:7:"english";}}'),
('cc35f3a3adff8ccfd830b9b57f6d2375', '127.0.0.1', '0', 1370228920, 'a:2:{s:9:"user_data";s:0:"";s:8:"language";O:8:"stdClass":3:{s:3:"iso";s:2:"en";s:4:"text";s:7:"English";s:4:"name";s:7:"english";}}'),
('cd9956bb29e4e348e2efb92fe53d5105', '127.0.0.1', '0', 1370227227, 'a:2:{s:9:"user_data";s:0:"";s:8:"language";O:8:"stdClass":3:{s:3:"iso";s:2:"en";s:4:"text";s:7:"English";s:4:"name";s:7:"english";}}'),
('d056fef2e41c28ae18bbdcecd6a68762', '58.186.137.231', 'Mozilla/5.0 (Windows NT 6.1; WOW64) AppleWebKit/537.36 (KHTML, like Gecko) Chrome/27.0.1453.94 Safari/537.36', 1370229793, 'a:2:{s:9:"user_data";s:0:"";s:8:"language";O:8:"stdClass":3:{s:3:"iso";s:2:"en";s:4:"text";s:7:"English";s:4:"name";s:7:"english";}}'),
('d3573a1ebe157755e448f0c72feaf701', '127.0.0.1', '0', 1370229027, 'a:2:{s:9:"user_data";s:0:"";s:8:"language";O:8:"stdClass":3:{s:3:"iso";s:2:"en";s:4:"text";s:7:"English";s:4:"name";s:7:"english";}}'),
('d426494bfb5608dd088b5590fdf9082e', '127.0.0.1', '0', 1370227287, 'a:2:{s:9:"user_data";s:0:"";s:8:"language";O:8:"stdClass":3:{s:3:"iso";s:2:"en";s:4:"text";s:7:"English";s:4:"name";s:7:"english";}}'),
('d54ade41fc15ee1738c1f9235a8d4fb7', '127.0.0.1', '0', 1370231848, 'a:2:{s:9:"user_data";s:0:"";s:8:"language";O:8:"stdClass":3:{s:3:"iso";s:2:"en";s:4:"text";s:7:"English";s:4:"name";s:7:"english";}}'),
('d5bdd13e068760af03050857262f6a8c', '127.0.0.1', '0', 1370226807, 'a:2:{s:9:"user_data";s:0:"";s:8:"language";O:8:"stdClass":3:{s:3:"iso";s:2:"en";s:4:"text";s:7:"English";s:4:"name";s:7:"english";}}'),
('d6405fa485a05987f9dc88811f40e2ce', '127.0.0.1', '0', 1370231968, 'a:2:{s:9:"user_data";s:0:"";s:8:"language";O:8:"stdClass":3:{s:3:"iso";s:2:"en";s:4:"text";s:7:"English";s:4:"name";s:7:"english";}}'),
('d74ee20f9be35c276eb95fe8c3e3347b', '27.73.48.8', 'Mozilla/5.0 (Windows NT 6.1) AppleWebKit/537.36 (KHTML, like Gecko) Chrome/27.0.1453.94 Safari/537.36', 1370233188, 'a:2:{s:9:"user_data";s:0:"";s:8:"language";O:8:"stdClass":3:{s:3:"iso";s:2:"en";s:4:"text";s:7:"English";s:4:"name";s:7:"english";}}'),
('da2a28fbdf580036d6b03bb7c9382a9e', '127.0.0.1', '0', 1370231548, 'a:2:{s:9:"user_data";s:0:"";s:8:"language";O:8:"stdClass":3:{s:3:"iso";s:2:"en";s:4:"text";s:7:"English";s:4:"name";s:7:"english";}}'),
('dba887890a932fe579a0ff38d86359aa', '127.0.0.1', '0', 1370226747, 'a:2:{s:9:"user_data";s:0:"";s:8:"language";O:8:"stdClass":3:{s:3:"iso";s:2:"en";s:4:"text";s:7:"English";s:4:"name";s:7:"english";}}'),
('dfdfd6384c6e16a71938adac105b710a', '58.186.137.231', 'Mozilla/5.0 (Windows NT 6.1; WOW64) AppleWebKit/537.36 (KHTML, like Gecko) Chrome/27.0.1453.94 Safari/537.36', 1370229191, 'a:2:{s:9:"user_data";s:0:"";s:8:"language";O:8:"stdClass":3:{s:3:"iso";s:2:"en";s:4:"text";s:7:"English";s:4:"name";s:7:"english";}}'),
('e29aaa9665cd1d6860d18a82b0fd167e', '127.0.0.1', '0', 1370229572, 'a:2:{s:9:"user_data";s:0:"";s:8:"language";O:8:"stdClass":3:{s:3:"iso";s:2:"en";s:4:"text";s:7:"English";s:4:"name";s:7:"english";}}'),
('e38b6137d9698823235bc8dcce6e52a0', '27.73.48.8', 'Mozilla/5.0 (Windows NT 6.1) AppleWebKit/537.36 (KHTML, like Gecko) Chrome/27.0.1453.94 Safari/537.36', 1370229238, 'a:2:{s:9:"user_data";s:0:"";s:8:"language";O:8:"stdClass":3:{s:3:"iso";s:2:"en";s:4:"text";s:7:"English";s:4:"name";s:7:"english";}}'),
('e41907ff51914617fbc0ee6bf4d33663', '127.0.0.1', '0', 1370230888, 'a:2:{s:9:"user_data";s:0:"";s:8:"language";O:8:"stdClass":3:{s:3:"iso";s:2:"en";s:4:"text";s:7:"English";s:4:"name";s:7:"english";}}'),
('e42573c700a650a17b2bfb8b8ea91d82', '127.0.0.1', '0', 1370228127, 'a:2:{s:9:"user_data";s:0:"";s:8:"language";O:8:"stdClass":3:{s:3:"iso";s:2:"en";s:4:"text";s:7:"English";s:4:"name";s:7:"english";}}'),
('e4ba21f052fdc5cce3c8a27ba9ee31f5', '127.0.0.1', '0', 1370233528, 'a:2:{s:9:"user_data";s:0:"";s:8:"language";O:8:"stdClass":3:{s:3:"iso";s:2:"en";s:4:"text";s:7:"English";s:4:"name";s:7:"english";}}'),
('e57c4c4c0a9cc59ee8a5aa28d399d077', '127.0.0.1', '0', 1370230288, 'a:2:{s:9:"user_data";s:0:"";s:8:"language";O:8:"stdClass":3:{s:3:"iso";s:2:"en";s:4:"text";s:7:"English";s:4:"name";s:7:"english";}}'),
('e7c95bd2c7d366021cd537482f679208', '58.186.137.231', 'Mozilla/5.0 (Windows NT 6.1; WOW64) AppleWebKit/537.36 (KHTML, like Gecko) Chrome/27.0.1453.94 Safari/537.36', 1370230400, 'a:2:{s:9:"user_data";s:0:"";s:8:"language";O:8:"stdClass":3:{s:3:"iso";s:2:"en";s:4:"text";s:7:"English";s:4:"name";s:7:"english";}}'),
('e7e7c53133cb97ac7c4afe671bac93d8', '27.73.48.8', 'Mozilla/5.0 (Windows NT 6.1) AppleWebKit/537.36 (KHTML, like Gecko) Chrome/27.0.1453.94 Safari/537.36', 1370230749, 'a:2:{s:9:"user_data";s:0:"";s:8:"language";O:8:"stdClass":3:{s:3:"iso";s:2:"en";s:4:"text";s:7:"English";s:4:"name";s:7:"english";}}'),
('e850e2060f32998f129fa42ad5941b5a', '127.0.0.1', '0', 1370226987, 'a:2:{s:9:"user_data";s:0:"";s:8:"language";O:8:"stdClass":3:{s:3:"iso";s:2:"en";s:4:"text";s:7:"English";s:4:"name";s:7:"english";}}'),
('e86cd6f96e8bbea727cf6acbea79cb33', '127.0.0.1', '0', 1370227647, 'a:2:{s:9:"user_data";s:0:"";s:8:"language";O:8:"stdClass":3:{s:3:"iso";s:2:"en";s:4:"text";s:7:"English";s:4:"name";s:7:"english";}}'),
('ea24e4e651cc3682543403a3b5c0581e', '127.0.0.1', '0', 1370231488, 'a:2:{s:9:"user_data";s:0:"";s:8:"language";O:8:"stdClass":3:{s:3:"iso";s:2:"en";s:4:"text";s:7:"English";s:4:"name";s:7:"english";}}'),
('ea4658b6874897d598e5af7636189df3', '127.0.0.1', '0', 1370232268, 'a:2:{s:9:"user_data";s:0:"";s:8:"language";O:8:"stdClass":3:{s:3:"iso";s:2:"en";s:4:"text";s:7:"English";s:4:"name";s:7:"english";}}'),
('ec6425f1020763304ca35f3cfefb236f', '127.0.0.1', '0', 1370230774, 'a:2:{s:9:"user_data";s:0:"";s:8:"language";O:8:"stdClass":3:{s:3:"iso";s:2:"en";s:4:"text";s:7:"English";s:4:"name";s:7:"english";}}'),
('ed4985d96e47576a104c08372c8190d2', '127.0.0.1', '0', 1370229748, 'a:2:{s:9:"user_data";s:0:"";s:8:"language";O:8:"stdClass":3:{s:3:"iso";s:2:"en";s:4:"text";s:7:"English";s:4:"name";s:7:"english";}}'),
('ed4d6ec3e5d9c422c6b88c85b8f1621a', '127.0.0.1', '0', 1370227887, 'a:2:{s:9:"user_data";s:0:"";s:8:"language";O:8:"stdClass":3:{s:3:"iso";s:2:"en";s:4:"text";s:7:"English";s:4:"name";s:7:"english";}}'),
('ef4e3356f974008c452fcf212e677036', '127.0.0.1', '0', 1370228487, 'a:2:{s:9:"user_data";s:0:"";s:8:"language";O:8:"stdClass":3:{s:3:"iso";s:2:"en";s:4:"text";s:7:"English";s:4:"name";s:7:"english";}}'),
('f1912f29ca1dbb9f9ffc940e22a549e6', '127.0.0.1', '0', 1370229327, 'a:2:{s:9:"user_data";s:0:"";s:8:"language";O:8:"stdClass":3:{s:3:"iso";s:2:"en";s:4:"text";s:7:"English";s:4:"name";s:7:"english";}}'),
('f2656840f1fccf47380ce29604997f00', '27.73.48.8', 'Mozilla/5.0 (Windows NT 6.1) AppleWebKit/537.36 (KHTML, like Gecko) Chrome/27.0.1453.94 Safari/537.36', 1370231968, 'a:2:{s:9:"user_data";s:0:"";s:8:"language";O:8:"stdClass":3:{s:3:"iso";s:2:"en";s:4:"text";s:7:"English";s:4:"name";s:7:"english";}}'),
('f33ff7f2cfa0c013edf9945eb125e4b6', '127.0.0.1', '0', 1370228797, 'a:2:{s:9:"user_data";s:0:"";s:8:"language";O:8:"stdClass":3:{s:3:"iso";s:2:"en";s:4:"text";s:7:"English";s:4:"name";s:7:"english";}}'),
('f424fdf1a7c06f583612307ecace654b', '127.0.0.1', '0', 1370233348, 'a:2:{s:9:"user_data";s:0:"";s:8:"language";O:8:"stdClass":3:{s:3:"iso";s:2:"en";s:4:"text";s:7:"English";s:4:"name";s:7:"english";}}'),
('f54748dd3e02e212e78ee78d0783a3f3', '127.0.0.1', '0', 1370232388, 'a:2:{s:9:"user_data";s:0:"";s:8:"language";O:8:"stdClass":3:{s:3:"iso";s:2:"en";s:4:"text";s:7:"English";s:4:"name";s:7:"english";}}'),
('f620dd17d5d1ef81ff4fca626a77106f', '127.0.0.1', '0', 1370231128, 'a:2:{s:9:"user_data";s:0:"";s:8:"language";O:8:"stdClass":3:{s:3:"iso";s:2:"en";s:4:"text";s:7:"English";s:4:"name";s:7:"english";}}'),
('fc8ede9688bb946cffedad78987aeb05', '127.0.0.1', '0', 1370230230, 'a:2:{s:9:"user_data";s:0:"";s:8:"language";O:8:"stdClass":3:{s:3:"iso";s:2:"en";s:4:"text";s:7:"English";s:4:"name";s:7:"english";}}'),
('fd8c4f40bdd8ade2eb34d55328142d6e', '127.0.0.1', '0', 1370231188, 'a:2:{s:9:"user_data";s:0:"";s:8:"language";O:8:"stdClass":3:{s:3:"iso";s:2:"en";s:4:"text";s:7:"English";s:4:"name";s:7:"english";}}'),
('fede8a0033464e0795d2d07f7034e30b', '127.0.0.1', '0', 1370230708, 'a:2:{s:9:"user_data";s:0:"";s:8:"language";O:8:"stdClass":3:{s:3:"iso";s:2:"en";s:4:"text";s:7:"English";s:4:"name";s:7:"english";}}');

-- --------------------------------------------------------

--
-- Structure de la table `cms`
--

CREATE TABLE IF NOT EXISTS `cms` (
  `id` int(11) NOT NULL AUTO_INCREMENT,
  `title_en` varchar(500) COLLATE utf8_unicode_ci NOT NULL,
  `title_fi` varchar(500) COLLATE utf8_unicode_ci NOT NULL,
  `title_kr` varchar(500) COLLATE utf8_unicode_ci NOT NULL,
  `content_en` text COLLATE utf8_unicode_ci NOT NULL,
  `content_fi` text COLLATE utf8_unicode_ci NOT NULL,
  `content_kr` text COLLATE utf8_unicode_ci NOT NULL,
  `status` int(11) NOT NULL,
  `created_date` datetime NOT NULL,
  `created_by` int(11) NOT NULL,
  PRIMARY KEY (`id`)
) ENGINE=InnoDB  DEFAULT CHARSET=utf8 COLLATE=utf8_unicode_ci AUTO_INCREMENT=7 ;

--
-- Contenu de la table `cms`
--

INSERT INTO `cms` (`id`, `title_en`, `title_fi`, `title_kr`, `content_en`, `content_fi`, `content_kr`, `status`, `created_date`, `created_by`) VALUES
(1, 'Welcome to K2 Mill Tech Ltd', 'Welcome to K2 Mill Tech Ltd', 'Welcome to K2 Mill Tech Ltd', '<table style="width:100%">\r\n	<tbody>\r\n		<tr>\r\n			<td align="center" valign="top" width="300px"><img alt="" id="u1450_img" src="http://localhost:8000/mos/images/introduce.png" style="width: 237px; height: 108px; margin-bottom: 50px;" />\r\n			<div>\r\n			<p style="font-size: 43px;font-weight: bold;line-height: 43px;"><span style="color:#EC3237">M</span>anage</p>\r\n\r\n			<p style="font-size: 43px;font-weight: bold;line-height: 43px;"><span style="color:#EC3237">O</span>ptimize</p>\r\n\r\n			<p style="font-size: 43px;font-weight: bold;line-height: 43px;"><span style="color:#EC3237">S</span>ecure</p>\r\n			</div>\r\n			</td>\r\n			<td>\r\n			<p>The world&#39;s first retrofittable building management system with zero programming required.</p>\r\n\r\n			<p><span style="font-weight: bold;font-style: italic;font-size: 14px;">K2 Mill Tech&#39;s - MOS</span>&nbsp;web platform with advanced controlling, monitoring and alarming functions.</p>\r\n			&nbsp;\r\n\r\n			<p>Building managers are looking for a solution that can simultaneously meet the challenge of rising energy costs and reduce their carbon footprint, while delivering the shortest possible payback.</p>\r\n			&nbsp;\r\n\r\n			<p><span style="font-weight: bold;font-style: italic;font-size: 14px;">K2 Mill Tech&#39;s MOS</span>&nbsp;delivers the most advanced building management system which can reduce commercial building energy costs up to 50%</p>\r\n			&nbsp;\r\n\r\n			<p><span style="font-weight: bold;font-style: italic;font-size: 14px;">K2 Mill Tech</span>&nbsp;brought together some of the most advanced, easy to implement control / monitoring functions, and today, we are leading the way for new generation of energy efficiency with our MOS building management portal, The world&#39;s first retrofittable building management system with zero programming required</p>\r\n			&nbsp;\r\n\r\n			<p><span style="font-weight: bold;font-style: italic;font-size: 14px;">K2 Mill Tech&#39;s MOS</span>&nbsp;is an intelligent, web-based building management solution that uses wireless networking technology in conjunction with advanced control hardware and software.</p>\r\n			&nbsp;\r\n\r\n			<p><span style="font-weight: bold;font-style: italic;font-size: 14px;">K2 Mill Tech ltd</span>. is rabidly growing with operations in Asia, Europe and US and our proven solutions have been utilised in hundreds of new and retrofitted buildings around the globe.</p>\r\n			</td>\r\n		</tr>\r\n	</tbody>\r\n</table>\r\n', '<table style="font-size: 13px; width: 921px;">\r\n	<tbody>\r\n		<tr>\r\n			<td align="center" valign="top" width="300px"><img alt="" id="u1450_img" src="http://localhost:8000/mos/images/introduce.png" style="width: 237px; height: 108px; margin-bottom: 50px;" />\r\n			<div>\r\n			<p style="font-size: 43px; font-weight: bold; line-height: 43px;"><span style="color: rgb(236, 50, 55);">M</span>anage</p>\r\n\r\n			<p style="font-size: 43px; font-weight: bold; line-height: 43px;"><span style="color: rgb(236, 50, 55);">O</span>ptimize</p>\r\n\r\n			<p style="font-size: 43px; font-weight: bold; line-height: 43px;"><span style="color: rgb(236, 50, 55);">S</span>ecure</p>\r\n			</div>\r\n			</td>\r\n			<td>\r\n			<p>The world&#39;s first retrofittable building management system with zero programming required.</p>\r\n\r\n			<p><span style="font-weight: bold; font-style: italic; font-size: 14px;">K2 Mill Tech&#39;s - MOS</span>&nbsp;web platform with advanced controlling, monitoring and alarming functions.</p>\r\n			&nbsp;\r\n\r\n			<p>Building managers are looking for a solution that can simultaneously meet the challenge of rising energy costs and reduce their carbon footprint, while delivering the shortest possible payback.</p>\r\n			&nbsp;\r\n\r\n			<p><span style="font-weight: bold; font-style: italic; font-size: 14px;">K2 Mill Tech&#39;s MOS</span>&nbsp;delivers the most advanced building management system which can reduce commercial building energy costs up to 50%</p>\r\n			&nbsp;\r\n\r\n			<p><span style="font-weight: bold; font-style: italic; font-size: 14px;">K2 Mill Tech</span>&nbsp;brought together some of the most advanced, easy to implement control / monitoring functions, and today, we are leading the way for new generation of energy efficiency with our MOS building management portal, The world&#39;s first retrofittable building management system with zero programming required</p>\r\n			&nbsp;\r\n\r\n			<p><span style="font-weight: bold; font-style: italic; font-size: 14px;">K2 Mill Tech&#39;s MOS</span>&nbsp;is an intelligent, web-based building management solution that uses wireless networking technology in conjunction with advanced control hardware and software.</p>\r\n			&nbsp;\r\n\r\n			<p><span style="font-weight: bold; font-style: italic; font-size: 14px;">K2 Mill Tech ltd</span>. is rabidly growing with operations in Asia, Europe and US and our proven solutions have been utilised in hundreds of new and retrofitted buildings around the globe.</p>\r\n			</td>\r\n		</tr>\r\n	</tbody>\r\n</table>\r\n\r\n<p style="font-family: verdana; line-height: 20px; font-size: 13px; color: rgb(0, 0, 0);">&nbsp;</p>\r\n', '<table style="font-size: 13px; width: 921px;">\r\n	<tbody>\r\n		<tr>\r\n			<td align="center" valign="top" width="300px"><img alt="" id="u1450_img" src="http://localhost:8000/mos/images/introduce.png" style="width: 237px; height: 108px; margin-bottom: 50px;" />\r\n			<div>\r\n			<p style="font-size: 43px; font-weight: bold; line-height: 43px;"><span style="color: rgb(236, 50, 55);">M</span>anage</p>\r\n\r\n			<p style="font-size: 43px; font-weight: bold; line-height: 43px;"><span style="color: rgb(236, 50, 55);">O</span>ptimize</p>\r\n\r\n			<p style="font-size: 43px; font-weight: bold; line-height: 43px;"><span style="color: rgb(236, 50, 55);">S</span>ecure</p>\r\n			</div>\r\n			</td>\r\n			<td>\r\n			<p>The world&#39;s first retrofittable building management system with zero programming required.</p>\r\n\r\n			<p><span style="font-weight: bold; font-style: italic; font-size: 14px;">K2 Mill Tech&#39;s - MOS</span>&nbsp;web platform with advanced controlling, monitoring and alarming functions.</p>\r\n			&nbsp;\r\n\r\n			<p>Building managers are looking for a solution that can simultaneously meet the challenge of rising energy costs and reduce their carbon footprint, while delivering the shortest possible payback.</p>\r\n			&nbsp;\r\n\r\n			<p><span style="font-weight: bold; font-style: italic; font-size: 14px;">K2 Mill Tech&#39;s MOS</span>&nbsp;delivers the most advanced building management system which can reduce commercial building energy costs up to 50%</p>\r\n			&nbsp;\r\n\r\n			<p><span style="font-weight: bold; font-style: italic; font-size: 14px;">K2 Mill Tech</span>&nbsp;brought together some of the most advanced, easy to implement control / monitoring functions, and today, we are leading the way for new generation of energy efficiency with our MOS building management portal, The world&#39;s first retrofittable building management system with zero programming required</p>\r\n			&nbsp;\r\n\r\n			<p><span style="font-weight: bold; font-style: italic; font-size: 14px;">K2 Mill Tech&#39;s MOS</span>&nbsp;is an intelligent, web-based building management solution that uses wireless networking technology in conjunction with advanced control hardware and software.</p>\r\n			&nbsp;\r\n\r\n			<p><span style="font-weight: bold; font-style: italic; font-size: 14px;">K2 Mill Tech ltd</span>. is rabidly growing with operations in Asia, Europe and US and our proven solutions have been utilised in hundreds of new and retrofitted buildings around the globe.</p>\r\n			</td>\r\n		</tr>\r\n	</tbody>\r\n</table>\r\n', 1, '2012-12-13 16:31:04', 50),
(2, 'Need activate your account', 'Need activate your account', 'Need activate your account', '<p style="font-size: 13px;">We have sent an email contain activated link. Please check in your inbox/spam and click on that link to activate your account.</p>\r\n\r\n<p style="font-size: 13px;">Thanks.</p>\r\n\r\n<p style="font-size: 13px;"><em>K2 Team</em></p>\r\n', '<p style="font-size: 13px;">We have sent an email contain activated link. Please check in your inbox/spam and click on that link to activate your account.</p>\r\n\r\n<p style="font-size: 13px;">Thanks.</p>\r\n\r\n<p style="font-size: 13px;"><em>K2 Team</em></p>\r\n', '<p style="font-size: 13px;">We have sent an email contain activated link. Please check in your inbox/spam and click on that link to activate your account.</p>\r\n\r\n<p style="font-size: 13px;">Thanks.</p>\r\n\r\n<p style="font-size: 13px;"><em>K2 Team</em></p>\r\n', 1, '2013-01-07 13:51:10', 59),
(3, 'Footer', 'Footer', 'Footer', '<p>Copyright &copy; 2013&nbsp;<span style="font-size: 13px;">K2 Mill Tech Ltd. Email:&nbsp;<a href="mailto:info@k2milltech.com.">info@k2milltech.com.</a></span></p>\r\n', '<p><span style="font-size: 13px;">Copyright &copy; 2013&nbsp;</span><span style="font-size: 13px;">K2milltech. Email:&nbsp;<a href="mailto:milltech.k2@gmail.com">milltech.k2@gmail.com</a>.</span></p>\r\n', '<p><span style="font-size: 13px;">Copyright &copy; 2013&nbsp;</span><span style="font-size: 13px;">K2milltech. Email:&nbsp;<a href="mailto:milltech.k2@gmail.com">milltech.k2@gmail.com</a>.</span></p>\r\n', 1, '2013-01-08 18:36:40', 12),
(4, 'Register complete', 'Register complete', 'Register complete', '<p>Congratulation!</p>\r\n\r\n<p>Your account has been setup successfully. We have sent an activate email to you. Please check email/spam to activate your account.</p>\r\n\r\n<p>Thanks for joiining with us.</p>\r\n\r\n<p>&nbsp;</p>\r\n\r\n<p>Kind&nbsp;regards,</p>\r\n\r\n<p><em>K2 Team</em></p>\r\n', '<p style="font-size: 13px;">Congratulation!</p>\r\n\r\n<p style="font-size: 13px;">Your account has been setup successfully. We have sent an activate email to you. Please check email/spam to activate your account.</p>\r\n\r\n<p style="font-size: 13px;">Thanks for joiining with us.</p>\r\n\r\n<p style="font-size: 13px;">&nbsp;</p>\r\n\r\n<p style="font-size: 13px;">Kind&nbsp;regards,</p>\r\n\r\n<p style="font-size: 13px;"><em>K2 Team</em></p>\r\n', '<p style="font-size: 13px;">Congratulation!</p>\r\n\r\n<p style="font-size: 13px;">Your account has been setup successfully. We have sent an activate email to you. Please check email/spam to activate your account.</p>\r\n\r\n<p style="font-size: 13px;">Thanks for joiining with us.</p>\r\n\r\n<p style="font-size: 13px;">&nbsp;</p>\r\n\r\n<p style="font-size: 13px;">Kind&nbsp;regards,</p>\r\n\r\n<p style="font-size: 13px;"><em>K2 Team</em></p>\r\n', 1, '2013-01-09 16:18:51', 12),
(5, 'Register disabled', 'Register disabled', 'Register disabled', '<p>We are apologies for this inconvenient. The register feature has been temporary disabled. We will enable soon.</p>\r\n\r\n<p><em>K2 Team</em></p>\r\n', '<p style="font-size: 13px;">We are apologies for this&nbsp;inconvenient. The register feature has been temporary disabled. We will enable soon.</p>\r\n\r\n<p style="font-size: 13px;"><em>K2 Team</em></p>\r\n', '<p style="font-size: 13px;">We are apologies for this&nbsp;inconvenient. The register feature has been temporary disabled. We will enable soon.</p>\r\n\r\n<p style="font-size: 13px;"><em>K2 Team</em></p>\r\n', 1, '2013-01-09 16:22:34', 12),
(6, 'Account disabled', 'Account disabled', 'Account disabled', '<p>Your account has been disabled. Please contact to admin to get more details.</p>\r\n', '<p>Your account has been disabled. Please contact to admin to get more details.</p>\r\n', '<p>Your account has been disabled. Please contact to admin to get more details.</p>\r\n', 1, '2013-01-09 16:31:03', 12);

-- --------------------------------------------------------

--
-- Structure de la table `companies`
--

CREATE TABLE IF NOT EXISTS `companies` (
  `id` int(11) NOT NULL AUTO_INCREMENT,
  `company_name` varchar(255) COLLATE utf8_unicode_ci NOT NULL,
  `description` text COLLATE utf8_unicode_ci NOT NULL,
  `status` int(1) NOT NULL,
  `owner_id` int(11) NOT NULL,
  `created_date` datetime NOT NULL,
  `created_by` int(11) DEFAULT NULL,
  PRIMARY KEY (`id`)
) ENGINE=InnoDB  DEFAULT CHARSET=utf8 COLLATE=utf8_unicode_ci AUTO_INCREMENT=13 ;

--
-- Contenu de la table `companies`
--

INSERT INTO `companies` (`id`, `company_name`, `description`, `status`, `owner_id`, `created_date`, `created_by`) VALUES
(12, 'K2 Milltech Ltd', 'We are measurement company', 1, 12, '2013-01-08 13:48:00', 12);

-- --------------------------------------------------------

--
-- Structure de la table `devices`
--

CREATE TABLE IF NOT EXISTS `devices` (
  `id` int(11) NOT NULL AUTO_INCREMENT,
  `company_id` int(11) NOT NULL,
  `zone_id` int(11) NOT NULL,
  `device_name` varchar(30) DEFAULT NULL,
  `description` varchar(255) DEFAULT NULL,
  `sub_type_id` int(10) DEFAULT NULL,
  `unit_id` int(11) DEFAULT NULL,
  `status` tinyint(1) NOT NULL DEFAULT '0',
  `created_by` int(11) NOT NULL,
  `created_date` datetime NOT NULL,
  `top` int(11) NOT NULL COMMENT 'position top in layout',
  `left` int(11) NOT NULL COMMENT 'position left in layout',
  PRIMARY KEY (`id`)
) ENGINE=MyISAM  DEFAULT CHARSET=latin1 AUTO_INCREMENT=21 ;

--
-- Contenu de la table `devices`
--

INSERT INTO `devices` (`id`, `company_id`, `zone_id`, `device_name`, `description`, `sub_type_id`, `unit_id`, `status`, `created_by`, `created_date`, `top`, `left`) VALUES
(1, 12, 5, 'Device 1', 'This is device 1', 21, 0, 1, 0, '2013-03-20 07:25:13', 784, 805),
(2, 12, 5, 'Device 2', 'This is device 2 in zone 1', 9, 8, 1, 0, '2013-03-20 15:19:40', 395, 52),
(3, 12, 6, 'Device 3', '', 18, 0, 1, 0, '2013-01-31 08:29:31', 247, 112),
(4, 12, 6, 'Device 4', 'D', 19, 0, 1, 0, '2013-03-20 14:43:43', 328, 144),
(5, 12, 6, 'Device 5', '', 1, 0, 1, 0, '2013-01-31 08:29:18', 288, 273),
(6, 12, 6, 'Device 6', '', 2, NULL, 1, 0, '2013-03-20 13:43:37', 131, 143),
(7, 12, 6, 'Humidity', 'hum01_site1_zone2_hum01', 4, 14, 0, 12, '2013-04-03 09:44:21', 15, 197),
(9, 12, 5, 'thjyghjg', 'iuyhih', 6, 1, 0, 12, '2013-04-03 15:28:46', 0, 0),
(10, 12, 7, 'ABC', 'Test', 12, 13, 1, 12, '2013-04-09 08:43:36', 51, 299),
(11, 12, 10, 'Test', 'Ac', 6, 3, 1, 12, '2013-04-09 08:45:18', 0, 0),
(12, 12, 10, 'ABCd', 'A', 10, 9, 1, 12, '2013-04-10 17:49:16', 0, 0),
(13, 12, 15, 'ABCe', 'A', 4, 14, 1, 12, '2013-04-10 17:56:07', 86, 89),
(14, 12, 16, 'Ajustment 1', '', 19, 0, 1, 12, '2013-04-13 09:08:44', 135, 250),
(15, 12, 16, 'Ajustment 2', '', 19, 0, 1, 12, '2013-04-13 09:09:01', 314, 321),
(16, 12, 6, 'Tag_2', '', 12, 13, 1, 12, '2013-04-22 06:51:26', 10, 168),
(17, 12, 6, 'Sine1', '', 12, 13, 1, 12, '2013-04-25 15:01:06', 115, 535),
(18, 12, 5, 'kWh', '', 12, 13, 1, 12, '2013-05-21 13:34:46', 140, 507),
(19, 12, 5, 'VNDong', '', 12, 13, 1, 12, '2013-05-21 13:35:14', 275, 229),
(20, 12, 5, 'Watts', '', 11, 12, 1, 12, '2013-05-21 13:35:21', 65, 69);

-- --------------------------------------------------------

--
-- Structure de la table `devices_formula_info`
--

CREATE TABLE IF NOT EXISTS `devices_formula_info` (
  `device_id` int(11) NOT NULL,
  `min_year` float DEFAULT NULL,
  `min_month` float DEFAULT NULL,
  `min_week` float DEFAULT NULL,
  `max_year` float DEFAULT NULL,
  `max_month` float DEFAULT NULL,
  `max_week` float DEFAULT NULL,
  `deviation_year` float DEFAULT NULL,
  `deviation_month` float DEFAULT NULL,
  `deviation_week` float DEFAULT NULL,
  `median_year` float DEFAULT NULL,
  `median_month` float DEFAULT NULL,
  `median_week` float DEFAULT NULL,
  `group_year_column_1_value` float DEFAULT NULL,
  `group_year_column_1_count` int(11) DEFAULT NULL,
  `group_year_column_2_value` float DEFAULT NULL,
  `group_year_column_2_count` int(11) DEFAULT NULL,
  `group_year_column_3_value` float DEFAULT NULL,
  `group_year_column_3_count` int(11) DEFAULT NULL,
  `group_year_column_4_value` float DEFAULT NULL,
  `group_year_column_4_count` int(11) DEFAULT NULL,
  `group_year_column_5_value` float DEFAULT NULL,
  `group_year_column_5_count` int(11) DEFAULT NULL,
  `group_month_column_1_value` float NOT NULL,
  `group_month_column_1_count` int(11) NOT NULL,
  `group_month_column_2_value` float NOT NULL,
  `group_month_column_2_count` int(11) NOT NULL,
  `group_month_column_3_value` float NOT NULL,
  `group_month_column_3_count` int(11) NOT NULL,
  `group_month_column_4_value` float NOT NULL,
  `group_month_column_4_count` int(11) NOT NULL,
  `group_month_column_5_value` float NOT NULL,
  `group_month_column_5_count` int(11) NOT NULL,
  `group_week_column_1_value` float NOT NULL,
  `group_week_column_1_count` int(11) NOT NULL,
  `group_week_column_2_value` float NOT NULL,
  `group_week_column_2_count` int(11) NOT NULL,
  `group_week_column_3_value` float NOT NULL,
  `group_week_column_3_count` int(11) NOT NULL,
  `group_week_column_4_value` float NOT NULL,
  `group_week_column_4_count` int(11) NOT NULL,
  `group_week_column_5_value` float NOT NULL,
  `group_week_column_5_count` int(11) NOT NULL,
  PRIMARY KEY (`device_id`)
) ENGINE=InnoDB DEFAULT CHARSET=utf8 COLLATE=utf8_unicode_ci;

--
-- Contenu de la table `devices_formula_info`
--

INSERT INTO `devices_formula_info` (`device_id`, `min_year`, `min_month`, `min_week`, `max_year`, `max_month`, `max_week`, `deviation_year`, `deviation_month`, `deviation_week`, `median_year`, `median_month`, `median_week`, `group_year_column_1_value`, `group_year_column_1_count`, `group_year_column_2_value`, `group_year_column_2_count`, `group_year_column_3_value`, `group_year_column_3_count`, `group_year_column_4_value`, `group_year_column_4_count`, `group_year_column_5_value`, `group_year_column_5_count`, `group_month_column_1_value`, `group_month_column_1_count`, `group_month_column_2_value`, `group_month_column_2_count`, `group_month_column_3_value`, `group_month_column_3_count`, `group_month_column_4_value`, `group_month_column_4_count`, `group_month_column_5_value`, `group_month_column_5_count`, `group_week_column_1_value`, `group_week_column_1_count`, `group_week_column_2_value`, `group_week_column_2_count`, `group_week_column_3_value`, `group_week_column_3_count`, `group_week_column_4_value`, `group_week_column_4_count`, `group_week_column_5_value`, `group_week_column_5_count`) VALUES
(1, NULL, NULL, NULL, NULL, NULL, NULL, NULL, NULL, NULL, NULL, 0, 0, NULL, NULL, NULL, NULL, NULL, NULL, NULL, NULL, NULL, NULL, 0, 0, 0, 0, 0, 0, 0, 0, 0, 0, 0, 0, 0, 0, 0, 0, 0, 0, 0, 0),
(2, NULL, NULL, NULL, NULL, NULL, NULL, NULL, NULL, NULL, NULL, 0, 0, NULL, NULL, NULL, NULL, NULL, NULL, NULL, NULL, NULL, NULL, 0, 0, 0, 0, 0, 0, 0, 0, 0, 0, 0, 0, 0, 0, 0, 0, 0, 0, 0, 0),
(3, 1, 1, 1, 1, 1, 1, NULL, NULL, NULL, 1, 1, 1, 0, 0, 0, 0, 0, 0, 0, 0, 0, 0, 0, 0, 0, 0, 0, 0, 0, 0, 0, 0, 0, 0, 0, 0, 0, 0, 0, 0, 0, 0),
(4, 2, 8, 8, 12, 12, 12, NULL, NULL, NULL, 8, 10, 10, 3.66667, 0, 5.33333, 0, 7, 2, 8.66667, 1, 10.3333, 1, 8.66667, 0, 9.33333, 0, 10, 1, 10.6667, 0, 11.3333, 1, 8.66667, 0, 9.33333, 0, 10, 1, 10.6667, 0, 11.3333, 1),
(6, NULL, NULL, NULL, NULL, NULL, NULL, NULL, NULL, NULL, NULL, 0, 0, NULL, NULL, NULL, NULL, NULL, NULL, NULL, NULL, NULL, NULL, 0, 0, 0, 0, 0, 0, 0, 0, 0, 0, 0, 0, 0, 0, 0, 0, 0, 0, 0, 0),
(7, NULL, NULL, NULL, NULL, NULL, NULL, NULL, NULL, NULL, NULL, 0, 0, NULL, NULL, NULL, NULL, NULL, NULL, NULL, NULL, NULL, NULL, 0, 0, 0, 0, 0, 0, 0, 0, 0, 0, 0, 0, 0, 0, 0, 0, 0, 0, 0, 0),
(9, NULL, NULL, NULL, NULL, NULL, NULL, NULL, NULL, NULL, NULL, 0, 0, NULL, NULL, NULL, NULL, NULL, NULL, NULL, NULL, NULL, NULL, 0, 0, 0, 0, 0, 0, 0, 0, 0, 0, 0, 0, 0, 0, 0, 0, 0, 0, 0, 0),
(10, NULL, NULL, NULL, NULL, NULL, NULL, NULL, NULL, NULL, NULL, 0, 0, NULL, NULL, NULL, NULL, NULL, NULL, NULL, NULL, NULL, NULL, 0, 0, 0, 0, 0, 0, 0, 0, 0, 0, 0, 0, 0, 0, 0, 0, 0, 0, 0, 0),
(11, NULL, NULL, NULL, NULL, NULL, NULL, NULL, NULL, NULL, NULL, 0, 0, NULL, NULL, NULL, NULL, NULL, NULL, NULL, NULL, NULL, NULL, 0, 0, 0, 0, 0, 0, 0, 0, 0, 0, 0, 0, 0, 0, 0, 0, 0, 0, 0, 0),
(12, NULL, NULL, NULL, NULL, NULL, NULL, NULL, NULL, NULL, NULL, 0, 0, NULL, NULL, NULL, NULL, NULL, NULL, NULL, NULL, NULL, NULL, 0, 0, 0, 0, 0, 0, 0, 0, 0, 0, 0, 0, 0, 0, 0, 0, 0, 0, 0, 0),
(13, NULL, NULL, NULL, NULL, NULL, NULL, NULL, NULL, NULL, NULL, 0, 0, NULL, NULL, NULL, NULL, NULL, NULL, NULL, NULL, NULL, NULL, 0, 0, 0, 0, 0, 0, 0, 0, 0, 0, 0, 0, 0, 0, 0, 0, 0, 0, 0, 0),
(14, NULL, NULL, NULL, NULL, NULL, NULL, NULL, NULL, NULL, NULL, 0, 0, NULL, NULL, NULL, NULL, NULL, NULL, NULL, NULL, NULL, NULL, 0, 0, 0, 0, 0, 0, 0, 0, 0, 0, 0, 0, 0, 0, 0, 0, 0, 0, 0, 0),
(15, NULL, NULL, NULL, NULL, NULL, NULL, NULL, NULL, NULL, NULL, 0, 0, NULL, NULL, NULL, NULL, NULL, NULL, NULL, NULL, NULL, NULL, 0, 0, 0, 0, 0, 0, 0, 0, 0, 0, 0, 0, 0, 0, 0, 0, 0, 0, 0, 0),
(16, 0, 0, NULL, 1, 1, NULL, NULL, NULL, NULL, 1, 1, 0, 0.166667, 0, 0.333333, 0, 0.5, 0, 0.666667, 0, 0.833333, 8, 0.166667, 0, 0.333333, 0, 0.5, 0, 0.666667, 0, 0.833333, 8, 0, 0, 0, 0, 0, 0, 0, 0, 0, 0),
(17, -40, -40, NULL, 40, 40, NULL, NULL, NULL, NULL, -0.0502655, -0.0502655, 0, -26.6667, 4671, -13.3333, 4082, 0.00000000000000355271, 4048, 13.3333, 4661, 26.6667, 10085, -26.6667, 4671, -13.3333, 4082, 0.00000000000000355271, 4048, 13.3333, 4661, 26.6667, 10085, 0, 0, 0, 0, 0, 0, 0, 0, 0, 0),
(18, 0, 0, 4098, 4345, 4345, 4099, NULL, NULL, NULL, 2868, 3518, 4098, 724.167, 1599, 1448.33, 2530, 2172.5, 6997, 2896.67, 1390, 3620.83, 16593, 724.167, 1137, 1448.33, 2530, 2172.5, 6997, 2896.67, 1390, 3620.83, 16593, 4098.17, 0, 4098.33, 0, 4098.5, 0, 4098.67, 0, 4098.83, 85),
(19, 0, 0, 4425990, 4693310, 4693310, 4426930, NULL, NULL, NULL, 4299760, 4300060, 4426520, 782219, 538, 1564440, 1193, 2346660, 5455, 3128880, 1390, 3911090, 16593, 782219, 538, 1564440, 1193, 2346660, 5455, 3128880, 1390, 3911090, 16593, 4426140, 140, 4426300, 120, 4426460, 143, 4426620, 115, 4426770, 190),
(20, 8.728, 8.728, 49.68, 4035, 1796, 1277, NULL, NULL, NULL, 241, 241, 247.7, 679.773, 83, 1350.82, 4, 2021.86, 0, 2692.91, 0, 3363.95, 1, 306.607, 9191, 604.485, 44, 902.364, 27, 1200.24, 23, 1498.12, 3, 254.233, 423, 458.787, 0, 663.34, 0, 867.893, 0, 1072.45, 1);

-- --------------------------------------------------------

--
-- Structure de la table `device_types`
--

CREATE TABLE IF NOT EXISTS `device_types` (
  `id` int(11) NOT NULL AUTO_INCREMENT,
  `company_id` int(11) NOT NULL,
  `type_name` varchar(255) COLLATE utf8_unicode_ci NOT NULL,
  `description` text COLLATE utf8_unicode_ci NOT NULL,
  `status` int(1) NOT NULL,
  `created_date` datetime NOT NULL,
  `created_by` int(11) NOT NULL,
  PRIMARY KEY (`id`)
) ENGINE=InnoDB  DEFAULT CHARSET=utf8 COLLATE=utf8_unicode_ci AUTO_INCREMENT=3 ;

--
-- Contenu de la table `device_types`
--

INSERT INTO `device_types` (`id`, `company_id`, `type_name`, `description`, `status`, `created_date`, `created_by`) VALUES
(1, 12, 'Device Type 1', 'Device type 1 a', 1, '2013-01-08 17:59:29', 12),
(2, 12, 'Device Type 2', '', 1, '2013-01-08 17:59:57', 12);

-- --------------------------------------------------------

--
-- Structure de la table `email_config`
--

CREATE TABLE IF NOT EXISTS `email_config` (
  `id` int(11) NOT NULL AUTO_INCREMENT,
  `email` varchar(50) COLLATE utf8_unicode_ci NOT NULL,
  `email_name` varchar(50) COLLATE utf8_unicode_ci NOT NULL,
  `is_smtp` int(1) NOT NULL COMMENT 'protocol',
  `smtp_host` varchar(255) COLLATE utf8_unicode_ci NOT NULL,
  `smtp_port` int(11) NOT NULL,
  `is_ssl` int(1) NOT NULL COMMENT 'smtp_crypto',
  `smtp_user` varchar(30) COLLATE utf8_unicode_ci NOT NULL,
  `smtp_pass` varchar(30) COLLATE utf8_unicode_ci NOT NULL,
  `created_date` datetime NOT NULL,
  `created_by` int(11) NOT NULL,
  PRIMARY KEY (`id`)
) ENGINE=InnoDB  DEFAULT CHARSET=utf8 COLLATE=utf8_unicode_ci AUTO_INCREMENT=2 ;

--
-- Contenu de la table `email_config`
--

INSERT INTO `email_config` (`id`, `email`, `email_name`, `is_smtp`, `smtp_host`, `smtp_port`, `is_ssl`, `smtp_user`, `smtp_pass`, `created_date`, `created_by`) VALUES
(1, 'milltech.k2@gmail.com', 'K2', 1, 'smtp.gmail.com', 465, 1, 'milltech.k2', 'collaborate', '2012-12-09 23:25:06', 50);

-- --------------------------------------------------------

--
-- Structure de la table `email_templates`
--

CREATE TABLE IF NOT EXISTS `email_templates` (
  `id` int(11) NOT NULL AUTO_INCREMENT,
  `title_en` varchar(500) COLLATE utf8_unicode_ci NOT NULL,
  `title_fi` varchar(500) COLLATE utf8_unicode_ci NOT NULL,
  `title_ci` varchar(500) COLLATE utf8_unicode_ci NOT NULL,
  `content_en` text COLLATE utf8_unicode_ci NOT NULL,
  `content_fi` text COLLATE utf8_unicode_ci NOT NULL,
  `content_ci` text COLLATE utf8_unicode_ci NOT NULL,
  `status` int(11) NOT NULL,
  `created_date` datetime NOT NULL,
  `created_by` int(11) NOT NULL,
  PRIMARY KEY (`id`)
) ENGINE=InnoDB  DEFAULT CHARSET=utf8 COLLATE=utf8_unicode_ci AUTO_INCREMENT=2 ;

--
-- Contenu de la table `email_templates`
--

INSERT INTO `email_templates` (`id`, `title_en`, `title_fi`, `title_ci`, `content_en`, `content_fi`, `content_ci`, `status`, `created_date`, `created_by`) VALUES
(1, 'Register', '', '', '<table border="0" cellpadding="0" cellspacing="0" style="background:#ddd" width="100%">\r\n	<tbody>\r\n		<tr>\r\n			<td>\r\n			<table align="center" border="0" cellpadding="0" cellspacing="0" style="background:#fff;border:0;border-left:1px solid #ccc;border-right:1px solid #ccc;" width="670">\r\n				<tbody>\r\n					<tr>\r\n						<td style="background:#f2f2f2;border-bottom:1px solid #ccc;">\r\n						<p><img alt="" src="http://localhost:8000/mos/images/small-logo.png" />​</p>\r\n						</td>\r\n					</tr>\r\n					<tr>\r\n						<td style="background:#fff">\r\n						<table border="0" cellpadding="0" cellspacing="0" style="background:#fff;font-family:''Helvetica Neue'',Helvetica,Arial,sans-serif" width="670">\r\n							<tbody>\r\n								<tr>\r\n									<td>\r\n									<table align="center" border="0" cellpadding="0" cellspacing="0" style="font-family:''Helvetica Neue'',Helvetica,Arial,sans-serif;background-color:white;table-layout:fixed;overflow:hidden" width="500">\r\n										<tbody>\r\n											<tr valign="top">\r\n												<td>\r\n												<p>Hi Vuong,</p>\r\n\r\n												<p>Your account information is:</p>\r\n\r\n												<p>Email:&nbsp;%email%</p>\r\n\r\n												<p>Password:&nbsp;%password%</p>\r\n\r\n												<p>Please click on this link to activate your account&nbsp;<a href="%activate url%">%activate url%</a></p>\r\n\r\n												<p>&nbsp;</p>\r\n\r\n												<p>BR,</p>\r\n\r\n												<p><em>K2 Team</em></p>\r\n\r\n												<p>&nbsp;</p>\r\n\r\n												<p>&nbsp;</p>\r\n												</td>\r\n											</tr>\r\n										</tbody>\r\n									</table>\r\n									</td>\r\n								</tr>\r\n							</tbody>\r\n						</table>\r\n\r\n						<table border="0" cellpadding="0" cellspacing="0" style="background:#fff;font-family:''Helvetica Neue'',Helvetica,Arial,sans-serif" width="670">\r\n							<tbody>\r\n								<tr>\r\n									<td>\r\n									<table align="center" border="0" cellpadding="0" cellspacing="0" style="font-family:''Helvetica Neue'',Helvetica,Arial,sans-serif;background-color:white;table-layout:fixed;overflow:hidden" width="500">\r\n										<tbody>\r\n										</tbody>\r\n									</table>\r\n									</td>\r\n								</tr>\r\n								<tr>\r\n									<td>\r\n									<table bgcolor="#eeeeee" border="0" cellpadding="0" cellspacing="0" style="background-color:#eee;background-image:url(https://twitter.com/images/email/t1/shadow_bottom.jpg);background-repeat:repeat-x;border-top-color:#ddd;border-top-style:solid;border-top-width:1px" width="670">\r\n										<tbody>\r\n											<tr>\r\n												<td colspan="4" height="16">&nbsp;</td>\r\n											</tr>\r\n											<tr>\r\n												<td style="width:85px">&nbsp;</td>\r\n												<td style="font-family:''Helvetica Neue'',Helvetica,Arial,sans-serif;font-size:12px;line-height:17px;color:#777">\r\n												<div><span style="font-family: Verdana, Tahoma, Arial, ''Helvetica Neue'', Helvetica, sans-serif; line-height: normal;">&copy; 2013&nbsp;K2. All rights reserved.</span></div>\r\n												</td>\r\n												<td style="width:85px">&nbsp;</td>\r\n											</tr>\r\n											<tr>\r\n												<td colspan="3" height="25">&nbsp;</td>\r\n											</tr>\r\n										</tbody>\r\n									</table>\r\n									</td>\r\n								</tr>\r\n							</tbody>\r\n						</table>\r\n						</td>\r\n					</tr>\r\n				</tbody>\r\n			</table>\r\n			</td>\r\n		</tr>\r\n	</tbody>\r\n</table>\r\n\r\n<p>&nbsp;</p>\r\n', '', '', 1, '2013-01-07 15:59:03', 1);

-- --------------------------------------------------------

--
-- Structure de la table `events`
--

CREATE TABLE IF NOT EXISTS `events` (
  `id` int(11) NOT NULL AUTO_INCREMENT,
  `device_id` int(11) NOT NULL,
  `name` varchar(255) COLLATE utf8_unicode_ci NOT NULL,
  `device_ids` varchar(255) COLLATE utf8_unicode_ci NOT NULL,
  `operators` varchar(255) COLLATE utf8_unicode_ci NOT NULL,
  `values` varchar(500) COLLATE utf8_unicode_ci NOT NULL,
  `combines` varchar(255) COLLATE utf8_unicode_ci NOT NULL,
  `status` int(1) NOT NULL,
  `created_date` datetime NOT NULL,
  `created_by` int(11) NOT NULL,
  `company_id` int(11) NOT NULL,
  `description` text COLLATE utf8_unicode_ci NOT NULL,
  `working_until` date DEFAULT NULL,
  `value` float NOT NULL,
  PRIMARY KEY (`id`)
) ENGINE=InnoDB  DEFAULT CHARSET=utf8 COLLATE=utf8_unicode_ci AUTO_INCREMENT=13 ;

--
-- Contenu de la table `events`
--

INSERT INTO `events` (`id`, `device_id`, `name`, `device_ids`, `operators`, `values`, `combines`, `status`, `created_date`, `created_by`, `company_id`, `description`, `working_until`, `value`) VALUES
(10, 3, 'Test', '3', '=', '26', '', 1, '2013-03-25 07:58:29', 12, 12, '', NULL, 0),
(11, 4, 'test device 4 = 7', '4', '=', '7', '', 1, '2013-03-25 20:45:42', 12, 12, '', NULL, 0),
(12, 2, 'Dinh Quoc Vuong', '4', '>', '2', '', 1, '2013-04-13 08:35:31', 12, 12, 'a', NULL, 22);

-- --------------------------------------------------------

--
-- Structure de la table `events_ref`
--

CREATE TABLE IF NOT EXISTS `events_ref` (
  `id` int(11) NOT NULL AUTO_INCREMENT,
  `event_type` int(1) NOT NULL COMMENT '1. condition based 2. time based',
  `ref_id` int(11) NOT NULL,
  `name` varchar(255) COLLATE utf8_unicode_ci NOT NULL,
  `description` text COLLATE utf8_unicode_ci NOT NULL,
  `created_date` datetime NOT NULL,
  `created_by` int(11) NOT NULL,
  `device_id` int(11) NOT NULL,
  `company_id` int(11) NOT NULL,
  `status` int(1) NOT NULL,
  PRIMARY KEY (`id`)
) ENGINE=InnoDB  DEFAULT CHARSET=utf8 COLLATE=utf8_unicode_ci AUTO_INCREMENT=19 ;

--
-- Contenu de la table `events_ref`
--

INSERT INTO `events_ref` (`id`, `event_type`, `ref_id`, `name`, `description`, `created_date`, `created_by`, `device_id`, `company_id`, `status`) VALUES
(15, 1, 10, 'Test', '', '2013-03-25 07:58:29', 12, 3, 12, 1),
(16, 1, 11, 'test device 4 = 7', '', '2013-03-25 20:45:42', 12, 4, 12, 1),
(17, 2, 1, 'Heating schedule ', 'turn heating on every morning', '2013-04-05 11:09:12', 12, 4, 12, 1),
(18, 1, 12, 'Dinh Quoc Vuong', 'a', '2013-04-13 08:35:31', 12, 2, 12, 1);

-- --------------------------------------------------------

--
-- Structure de la table `events_schedule`
--

CREATE TABLE IF NOT EXISTS `events_schedule` (
  `id` int(11) NOT NULL AUTO_INCREMENT,
  `name` varchar(255) COLLATE utf8_unicode_ci NOT NULL,
  `hours` int(11) NOT NULL,
  `hours_off` int(11) NOT NULL,
  `minutes_off` int(11) NOT NULL,
  `minutes` int(11) NOT NULL,
  `repeat_type` int(1) NOT NULL COMMENT '1. dayly 2.weekly 3.monthly 4.yearly',
  `repeat_every` int(11) NOT NULL,
  `repeat_on` varchar(30) COLLATE utf8_unicode_ci NOT NULL COMMENT '1.M 2.T 3.W 4.T 5.F 6.S 7.S',
  `start_on` date NOT NULL,
  `ends` int(1) NOT NULL,
  `end_by_date` date NOT NULL,
  `end_by_ocurrences` int(11) NOT NULL,
  `created_date` datetime NOT NULL,
  `created_by` int(11) NOT NULL,
  `device_id` int(11) NOT NULL,
  `company_id` int(11) NOT NULL,
  `description` text COLLATE utf8_unicode_ci NOT NULL,
  `status` int(1) NOT NULL,
  `ocurrences` int(11) NOT NULL,
  `value` float NOT NULL,
  PRIMARY KEY (`id`)
) ENGINE=InnoDB  DEFAULT CHARSET=utf8 COLLATE=utf8_unicode_ci AUTO_INCREMENT=2 ;

--
-- Contenu de la table `events_schedule`
--

INSERT INTO `events_schedule` (`id`, `name`, `hours`, `hours_off`, `minutes_off`, `minutes`, `repeat_type`, `repeat_every`, `repeat_on`, `start_on`, `ends`, `end_by_date`, `end_by_ocurrences`, `created_date`, `created_by`, `device_id`, `company_id`, `description`, `status`, `ocurrences`, `value`) VALUES
(1, 'Heating schedule ', 6, 17, 0, 0, 1, 1, '', '2013-04-05', 1, '0000-00-00', 0, '2013-04-05 11:09:12', 12, 4, 12, 'turn heating on every morning', 1, 0, 123);

-- --------------------------------------------------------

--
-- Structure de la table `event_logs`
--

CREATE TABLE IF NOT EXISTS `event_logs` (
  `id` int(11) NOT NULL AUTO_INCREMENT,
  `device_id` int(11) NOT NULL,
  `log_date` datetime NOT NULL,
  `value` float NOT NULL,
  PRIMARY KEY (`id`)
) ENGINE=InnoDB  DEFAULT CHARSET=utf8 COLLATE=utf8_unicode_ci AUTO_INCREMENT=11 ;

--
-- Contenu de la table `event_logs`
--

INSERT INTO `event_logs` (`id`, `device_id`, `log_date`, `value`) VALUES
(1, 6, '2013-02-19 07:05:13', 2500),
(2, 6, '2013-02-19 15:08:38', 3700),
(3, 6, '2013-02-20 03:24:11', 2500),
(4, 6, '2013-02-20 03:06:14', 100),
(5, 6, '2013-02-19 00:00:00', 5700),
(6, 6, '2013-02-19 17:27:24', 2600),
(7, 6, '2013-02-13 00:00:00', 1900),
(8, 6, '2013-02-01 00:00:00', 2500),
(9, 6, '2013-02-15 06:00:00', 1900),
(10, 6, '2013-02-17 00:08:00', 2500);

-- --------------------------------------------------------

--
-- Structure de la table `favorites_menu`
--

CREATE TABLE IF NOT EXISTS `favorites_menu` (
  `id` int(11) NOT NULL AUTO_INCREMENT,
  `favorite_id` int(11) NOT NULL,
  `is_menu` int(1) NOT NULL COMMENT '1. MENU 2. SUBMENU',
  `used` int(11) NOT NULL,
  PRIMARY KEY (`id`)
) ENGINE=InnoDB  DEFAULT CHARSET=utf8 COLLATE=utf8_unicode_ci AUTO_INCREMENT=20 ;

--
-- Contenu de la table `favorites_menu`
--

INSERT INTO `favorites_menu` (`id`, `favorite_id`, `is_menu`, `used`) VALUES
(1, 1, 1, 43),
(2, 9, 1, 204),
(3, 12, 1, 26),
(4, 10, 1, 21),
(5, 7, 1, 65),
(6, 16, 1, 1),
(7, 26, 1, 13),
(8, 4, 1, 2),
(9, 13, 1, 22),
(10, 20, 1, 23),
(11, 23, 1, 1),
(12, 18, 1, 4),
(13, 5, 1, 1),
(14, 22, 1, 11),
(15, 21, 1, 11),
(16, 28, 1, 1),
(17, 17, 1, 3),
(18, 25, 1, 2),
(19, 24, 1, 3);

-- --------------------------------------------------------

--
-- Structure de la table `last_measurements`
--

CREATE TABLE IF NOT EXISTS `last_measurements` (
  `device_id` int(11) NOT NULL,
  `datetime` datetime NOT NULL,
  `value` float DEFAULT NULL,
  `image` varchar(255) COLLATE utf8_unicode_ci DEFAULT NULL,
  `created_date` datetime NOT NULL,
  `first_value_year` float DEFAULT NULL,
  `first_value_month` float DEFAULT NULL,
  `first_value_week` float DEFAULT NULL,
  PRIMARY KEY (`device_id`)
) ENGINE=InnoDB DEFAULT CHARSET=utf8 COLLATE=utf8_unicode_ci;

--
-- Contenu de la table `last_measurements`
--

INSERT INTO `last_measurements` (`device_id`, `datetime`, `value`, `image`, `created_date`, `first_value_year`, `first_value_month`, `first_value_week`) VALUES
(3, '2013-06-09 20:04:56', 1, NULL, '2013-06-09 20:04:56', NULL, NULL, NULL),
(4, '2013-06-01 17:46:31', 9, NULL, '2013-06-01 17:46:31', 0, 0, 0),
(16, '2013-05-10 11:24:51', 0, NULL, '2013-05-10 11:24:51', 1, NULL, NULL),
(17, '2013-05-07 10:08:29', 39.3957, NULL, '2013-05-07 10:08:29', -35.3858, NULL, NULL),
(18, '2013-06-24 14:17:22', 4099, NULL, '2013-06-24 14:17:22', 0.103, 810.4, 4098),
(19, '2013-06-24 14:16:53', 4426930, NULL, '2013-06-24 14:16:53', 115.9, 3024300, 4425990),
(20, '2013-06-24 14:17:23', 281.9, NULL, '2013-06-24 14:17:23', 206.7, 492.8, 492.8);

-- --------------------------------------------------------

--
-- Structure de la table `layouts`
--

CREATE TABLE IF NOT EXISTS `layouts` (
  `zone_id` int(11) NOT NULL AUTO_INCREMENT,
  `device_id` int(11) NOT NULL,
  `left` float NOT NULL,
  `top` float NOT NULL,
  `created_date` datetime NOT NULL,
  `created_by` int(11) NOT NULL,
  PRIMARY KEY (`zone_id`,`device_id`)
) ENGINE=InnoDB  DEFAULT CHARSET=utf8 COLLATE=utf8_unicode_ci AUTO_INCREMENT=17 ;

--
-- Contenu de la table `layouts`
--

INSERT INTO `layouts` (`zone_id`, `device_id`, `left`, `top`, `created_date`, `created_by`) VALUES
(5, 1, 109.091, 70, '2013-01-18 20:44:32', 12),
(5, 2, 564, 289, '2013-01-18 20:44:27', 12),
(6, 3, 339, 756, '2013-01-24 07:10:51', 12),
(6, 4, 518, 10, '2013-03-20 14:43:52', 12),
(6, 5, 10, 99, '2013-01-24 07:10:53', 12),
(6, 6, 505, 627, '2013-01-24 07:10:55', 12),
(16, 15, 262, 12, '2013-04-13 14:57:41', 12);

-- --------------------------------------------------------

--
-- Structure de la table `measurements`
--

CREATE TABLE IF NOT EXISTS `measurements` (
  `id` int(11) NOT NULL AUTO_INCREMENT,
  `device_id` int(11) NOT NULL,
  `datetime` datetime NOT NULL,
  `value` float DEFAULT NULL,
  `image` varchar(255) COLLATE utf8_unicode_ci DEFAULT NULL,
  `created_date` datetime NOT NULL,
  PRIMARY KEY (`id`),
  KEY `device_id` (`device_id`),
  KEY `value` (`value`)
) ENGINE=InnoDB  DEFAULT CHARSET=utf8 COLLATE=utf8_unicode_ci AUTO_INCREMENT=135585 ;

--
-- Contenu de la table `measurements`
--

INSERT INTO `measurements` (`id`, `device_id`, `datetime`, `value`, `image`, `created_date`) VALUES
(1, 5, '2013-05-06 00:00:00', NULL, '78A5DD043C90(002nwet)_1_20130103071332_3293.jpg', '2013-05-06 00:00:00'),
(2, 5, '2013-05-06 01:00:00', NULL, '78A5DD043C90(002nwet)_1_20130103071332_3293.jpg', '2013-05-06 00:00:00'),
(4, 17, '2013-05-06 12:39:16', -35.3858, NULL, '2013-05-06 12:39:16'),
(5, 17, '2013-05-06 12:39:18', -39.5684, NULL, '2013-05-06 12:39:18'),
(6, 17, '2013-05-06 12:39:20', -28.4526, NULL, '2013-05-06 12:39:20'),
(7, 17, '2013-05-06 12:39:22', -6.34424, NULL, '2013-05-06 12:39:22'),
(8, 17, '2013-05-06 12:39:24', 18.2268, NULL, '2013-05-06 12:39:24'),
(9, 17, '2013-05-06 12:39:26', 35.7424, NULL, '2013-05-06 12:39:26'),
(10, 17, '2013-05-06 12:39:28', 39.4468, NULL, '2013-05-06 12:39:28'),
(11, 17, '2013-05-06 12:39:30', 27.8996, NULL, '2013-05-06 12:39:30'),
(12, 17, '2013-05-06 12:39:32', 5.57384, NULL, '2013-05-06 12:39:32'),
(13, 17, '2013-05-06 12:39:54', -13.5377, NULL, '2013-05-06 12:39:54'),
(14, 17, '2013-05-06 12:39:56', -33.1607, NULL, '2013-05-06 12:39:56'),
(15, 17, '2013-05-06 12:39:58', -39.9697, NULL, '2013-05-06 12:39:58'),
(16, 17, '2013-05-06 12:40:00', -31.3269, NULL, '2013-05-06 12:40:00'),
(17, 17, '2013-05-06 12:40:02', -10.567, NULL, '2013-05-06 12:40:02'),
(18, 17, '2013-05-06 12:40:04', 14.2682, NULL, '2013-05-06 12:40:04'),
(19, 17, '2013-05-06 12:40:06', 33.5901, NULL, '2013-05-06 12:40:06'),
(20, 17, '2013-05-06 12:40:08', 39.9317, NULL, '2013-05-06 12:40:08'),
(21, 17, '2013-05-06 12:40:10', 30.8365, NULL, '2013-05-06 12:40:10'),
(22, 17, '2013-05-06 12:40:12', 9.81365, NULL, '2013-05-06 12:40:12'),
(23, 17, '2013-05-06 12:40:14', -14.9933, NULL, '2013-05-06 12:40:14'),
(24, 17, '2013-05-06 12:40:16', -34.0134, NULL, '2013-05-06 12:40:16'),
(25, 17, '2013-05-06 12:40:18', -39.8787, NULL, '2013-05-06 12:40:18'),
(26, 17, '2013-05-06 12:40:20', -30.3345, NULL, '2013-05-06 12:40:20'),
(27, 17, '2013-05-06 12:40:22', -9.05653, NULL, '2013-05-06 12:40:22'),
(28, 17, '2013-05-06 12:40:24', 15.7127, NULL, '2013-05-06 12:40:24'),
(29, 17, '2013-05-06 12:40:26', 34.4169, NULL, '2013-05-06 12:40:26'),
(30, 17, '2013-05-06 12:40:28', 39.8105, NULL, '2013-05-06 12:40:28'),
(31, 17, '2013-05-06 12:40:30', 29.8209, NULL, '2013-05-06 12:40:30'),
(32, 17, '2013-05-06 12:40:32', 8.29598, NULL, '2013-05-06 12:40:32'),
(33, 17, '2013-05-06 12:40:34', -16.4262, NULL, '2013-05-06 12:40:34'),
(34, 17, '2013-05-06 12:40:36', -34.8074, NULL, '2013-05-06 12:40:36'),
(35, 17, '2013-05-06 12:40:38', -39.7271, NULL, '2013-05-06 12:40:38'),
(36, 17, '2013-05-06 12:40:40', -29.296, NULL, '2013-05-06 12:40:40'),
(37, 17, '2013-05-06 12:40:42', -7.53228, NULL, '2013-05-06 12:40:42'),
(38, 17, '2013-05-06 12:40:44', 17.1334, NULL, '2013-05-06 12:40:44'),
(39, 17, '2013-05-06 12:40:46', 35.1846, NULL, '2013-05-06 12:40:46'),
(40, 17, '2013-05-06 12:40:48', 39.6288, NULL, '2013-05-06 12:40:48'),
(41, 17, '2013-05-06 12:40:50', 28.7513, NULL, '2013-05-06 12:40:50'),
(42, 17, '2013-05-06 12:40:52', 6.76572, NULL, '2013-05-06 12:40:52'),
(43, 17, '2013-05-06 12:40:54', -17.8342, NULL, '2013-05-06 12:40:54'),
(44, 17, '2013-05-06 12:40:56', -35.5485, NULL, '2013-05-06 12:40:56'),
(45, 17, '2013-05-06 12:40:58', -39.5154, NULL, '2013-05-06 12:40:58'),
(46, 17, '2013-05-06 12:41:00', -28.2042, NULL, '2013-05-06 12:41:00'),
(47, 17, '2013-05-06 12:41:02', -5.9966, NULL, '2013-05-06 12:41:02'),
(48, 17, '2013-05-06 12:41:04', 18.5281, NULL, '2013-05-06 12:41:04'),
(49, 17, '2013-05-06 12:41:06', 35.899, NULL, '2013-05-06 12:41:06'),
(50, 17, '2013-05-06 12:41:08', 39.387, NULL, '2013-05-06 12:41:08'),
(51, 17, '2013-05-06 12:41:10', 27.6464, NULL, '2013-05-06 12:41:10'),
(52, 17, '2013-05-06 12:41:12', 5.2252, NULL, '2013-05-06 12:41:12'),
(53, 17, '2013-05-06 12:41:14', -19.2151, NULL, '2013-05-06 12:41:14'),
(54, 17, '2013-05-06 12:41:16', -36.2358, NULL, '2013-05-06 12:41:16'),
(55, 17, '2013-05-06 12:41:18', -39.2436, NULL, '2013-05-06 12:41:18'),
(56, 17, '2013-05-06 12:53:50', 27.7371, NULL, '2013-05-06 12:53:50'),
(57, 17, '2013-05-06 12:53:52', 5.34976, NULL, '2013-05-06 12:53:52'),
(58, 17, '2013-05-06 12:53:54', -19.1158, NULL, '2013-05-06 12:53:54'),
(59, 17, '2013-05-06 12:53:56', -36.2676, NULL, '2013-05-06 12:53:56'),
(60, 17, '2013-05-06 12:53:58', -39.229, NULL, '2013-05-06 12:53:58'),
(61, 17, '2013-05-06 12:54:00', -27.0318, NULL, '2013-05-06 12:54:00'),
(62, 17, '2013-05-06 12:54:02', -4.37688, NULL, '2013-05-06 12:54:02'),
(63, 17, '2013-05-06 12:54:04', 19.9601, NULL, '2013-05-06 12:54:04'),
(64, 17, '2013-05-06 12:54:06', 36.5894, NULL, '2013-05-06 12:54:06'),
(65, 17, '2013-05-06 12:54:08', 39.0693, NULL, '2013-05-06 12:54:08'),
(66, 17, '2013-05-06 12:54:10', 26.4525, NULL, '2013-05-06 12:54:10'),
(67, 17, '2013-05-06 12:54:12', 3.60166, NULL, '2013-05-06 12:54:12'),
(68, 17, '2013-05-06 12:54:14', -20.6314, NULL, '2013-05-06 12:54:14'),
(69, 17, '2013-05-06 12:54:16', -36.8972, NULL, '2013-05-06 12:54:16'),
(70, 17, '2013-05-06 12:54:18', -38.8948, NULL, '2013-05-06 12:54:18'),
(71, 17, '2013-05-06 12:54:20', -25.8535, NULL, '2013-05-06 12:54:20'),
(72, 17, '2013-05-06 12:54:22', -2.82508, NULL, '2013-05-06 12:54:22'),
(73, 17, '2013-05-06 12:54:24', 21.295, NULL, '2013-05-06 12:54:24'),
(74, 17, '2013-05-06 12:54:27', 37.1911, NULL, '2013-05-06 12:54:27'),
(75, 17, '2013-05-06 12:54:29', 38.7056, NULL, '2013-05-06 12:54:29'),
(76, 17, '2013-05-06 12:54:31', 25.2541, NULL, '2013-05-06 12:54:31'),
(77, 17, '2013-05-06 12:54:33', 2.04742, NULL, '2013-05-06 12:54:33'),
(78, 17, '2013-05-06 12:54:35', -21.9504, NULL, '2013-05-06 12:54:35'),
(79, 17, '2013-05-06 12:54:37', -37.4708, NULL, '2013-05-06 12:54:37'),
(80, 17, '2013-05-06 12:54:39', -38.5016, NULL, '2013-05-06 12:54:39'),
(81, 17, '2013-05-06 12:54:41', -24.6452, NULL, '2013-05-06 12:54:41'),
(82, 17, '2013-05-06 12:54:43', -1.26899, NULL, '2013-05-06 12:54:43'),
(83, 17, '2013-05-06 12:54:45', 22.5975, NULL, '2013-05-06 12:54:45'),
(84, 17, '2013-05-06 12:54:47', 37.7363, NULL, '2013-05-06 12:54:47'),
(85, 17, '2013-05-06 12:54:49', 38.2831, NULL, '2013-05-06 12:54:49'),
(86, 17, '2013-05-06 12:54:51', 24.0269, NULL, '2013-05-06 12:54:51'),
(87, 17, '2013-05-06 12:54:53', 0.490076, NULL, '2013-05-06 12:54:53'),
(88, 17, '2013-05-06 12:54:55', -23.2463, NULL, '2013-05-06 12:54:55'),
(89, 17, '2013-05-06 12:54:57', -37.9875, NULL, '2013-05-06 12:54:57'),
(90, 17, '2013-05-06 12:54:59', -38.05, NULL, '2013-05-06 12:54:59'),
(91, 17, '2013-05-06 12:55:01', -23.3994, NULL, '2013-05-06 12:55:01'),
(92, 17, '2013-05-06 12:55:03', 0.289024, NULL, '2013-05-06 12:55:03'),
(93, 17, '2013-05-06 12:55:05', 23.8759, NULL, '2013-05-06 12:55:05'),
(94, 17, '2013-05-06 12:55:07', 38.2243, NULL, '2013-05-06 12:55:07'),
(95, 17, '2013-05-06 12:55:09', 37.8025, NULL, '2013-05-06 12:55:09'),
(96, 17, '2013-05-06 12:55:11', 22.7631, NULL, '2013-05-06 12:55:11'),
(97, 17, '2013-05-06 12:55:13', -1.06801, NULL, '2013-05-06 12:55:13'),
(98, 17, '2013-05-06 12:55:15', -24.4964, NULL, '2013-05-06 12:55:15'),
(99, 17, '2013-05-06 12:55:17', -38.4466, NULL, '2013-05-06 12:55:17'),
(100, 17, '2013-05-06 12:55:19', -37.5363, NULL, '2013-05-06 12:55:19'),
(101, 17, '2013-05-06 12:55:21', -22.1182, NULL, '2013-05-06 12:55:21'),
(102, 17, '2013-05-06 12:55:23', 1.8466, NULL, '2013-05-06 12:55:23'),
(103, 17, '2013-05-06 12:55:25', 25.2541, NULL, '2013-05-06 12:55:25'),
(104, 17, '2013-05-06 12:55:27', 38.6543, NULL, '2013-05-06 12:55:27'),
(105, 17, '2013-05-06 12:55:29', 37.26, NULL, '2013-05-06 12:55:29'),
(106, 17, '2013-05-06 12:55:31', 21.295, NULL, '2013-05-06 12:55:31'),
(107, 17, '2013-05-06 12:55:33', -3.0256, NULL, '2013-05-06 12:55:33'),
(108, 17, '2013-05-06 12:55:35', -26.159, NULL, '2013-05-06 12:55:35'),
(109, 17, '2013-05-06 12:55:37', -38.9839, NULL, '2013-05-06 12:55:37'),
(110, 17, '2013-05-06 12:55:39', -36.745, NULL, '2013-05-06 12:55:39'),
(111, 17, '2013-05-06 12:55:41', -20.2967, NULL, '2013-05-06 12:55:41'),
(112, 17, '2013-05-06 12:55:43', 3.98946, NULL, '2013-05-06 12:55:43'),
(113, 17, '2013-05-06 12:55:45', 26.7434, NULL, '2013-05-06 12:55:45'),
(114, 17, '2013-05-06 12:55:47', 39.151, NULL, '2013-05-06 12:55:47'),
(115, 17, '2013-05-06 12:55:49', 36.425, NULL, '2013-05-06 12:55:49'),
(116, 17, '2013-05-06 12:55:51', 19.6216, NULL, '2013-05-06 12:55:51'),
(117, 17, '2013-05-06 12:55:53', -4.76389, NULL, '2013-05-06 12:55:53'),
(118, 17, '2013-05-06 12:55:55', -27.3177, NULL, '2013-05-06 12:55:55'),
(119, 17, '2013-05-06 12:55:57', -39.3032, NULL, '2013-05-06 12:55:57'),
(120, 17, '2013-05-06 12:55:59', -36.0962, NULL, '2013-05-06 12:55:59'),
(121, 17, '2013-05-06 12:56:01', -18.9389, NULL, '2013-05-06 12:56:01'),
(122, 17, '2013-05-06 12:56:03', 5.5365, NULL, '2013-05-06 12:56:03'),
(123, 17, '2013-05-06 12:56:05', 27.8816, NULL, '2013-05-06 12:56:05'),
(124, 17, '2013-05-06 12:56:07', 39.4405, NULL, '2013-05-06 12:56:07'),
(125, 17, '2013-05-06 12:56:09', 35.7537, NULL, '2013-05-06 12:56:09'),
(126, 17, '2013-05-06 12:56:11', 18.2491, NULL, '2013-05-06 12:56:11'),
(127, 17, '2013-05-06 12:56:13', -6.30702, NULL, '2013-05-06 12:56:13'),
(128, 17, '2013-05-06 12:56:15', -28.4349, NULL, '2013-05-06 12:56:15'),
(129, 17, '2013-05-06 12:56:17', -39.5629, NULL, '2013-05-06 12:56:17'),
(130, 17, '2013-05-06 12:56:19', -35.3976, NULL, '2013-05-06 12:56:19'),
(131, 17, '2013-05-06 12:56:21', -17.5524, NULL, '2013-05-06 12:56:21'),
(132, 17, '2013-05-06 12:56:23', 7.08751, NULL, '2013-05-06 12:56:23'),
(133, 17, '2013-05-06 12:56:25', 28.9775, NULL, '2013-05-06 12:56:25'),
(134, 17, '2013-05-06 12:56:27', 39.6703, NULL, '2013-05-06 12:56:27'),
(135, 17, '2013-05-06 12:56:29', 35.028, NULL, '2013-05-06 12:56:29'),
(136, 17, '2013-05-06 12:56:31', 16.849, NULL, '2013-05-06 12:56:31'),
(137, 17, '2013-05-06 12:56:33', -7.85291, NULL, '2013-05-06 12:56:33'),
(138, 17, '2013-05-06 12:56:35', -29.509, NULL, '2013-05-06 12:56:35'),
(139, 17, '2013-05-06 12:56:37', -39.7626, NULL, '2013-05-06 12:56:37'),
(140, 17, '2013-05-06 12:56:39', -34.6452, NULL, '2013-05-06 12:56:39'),
(141, 17, '2013-05-06 12:56:41', -16.1393, NULL, '2013-05-06 12:56:41'),
(142, 17, '2013-05-06 12:56:43', 8.61532, NULL, '2013-05-06 12:56:43'),
(143, 17, '2013-05-06 12:56:45', 30.0294, NULL, '2013-05-06 12:56:45'),
(144, 17, '2013-05-06 12:56:47', 39.8398, NULL, '2013-05-06 12:56:47'),
(145, 17, '2013-05-06 12:56:49', 34.2492, NULL, '2013-05-06 12:56:49'),
(146, 17, '2013-05-06 12:56:51', 15.4234, NULL, '2013-05-06 12:56:51'),
(147, 17, '2013-05-06 12:56:53', -9.37447, NULL, '2013-05-06 12:56:53'),
(148, 17, '2013-05-06 12:56:55', -30.5383, NULL, '2013-05-06 12:56:55'),
(149, 17, '2013-05-06 12:56:57', -39.9028, NULL, '2013-05-06 12:56:57'),
(150, 17, '2013-05-06 12:56:59', -33.8403, NULL, '2013-05-06 12:56:59'),
(151, 17, '2013-05-06 12:57:02', -14.7016, NULL, '2013-05-06 12:57:02'),
(152, 17, '2013-05-06 12:57:04', 10.1301, NULL, '2013-05-06 12:57:04'),
(153, 17, '2013-05-06 12:57:06', 31.0357, NULL, '2013-05-06 12:57:06'),
(154, 17, '2013-05-06 12:57:08', 39.9495, NULL, '2013-05-06 12:57:08'),
(155, 17, '2013-05-06 12:57:10', 33.4185, NULL, '2013-05-06 12:57:10'),
(156, 17, '2013-05-06 12:57:12', 13.9743, NULL, '2013-05-06 12:57:12'),
(157, 17, '2013-05-06 12:57:14', -10.8818, NULL, '2013-05-06 12:57:14'),
(158, 17, '2013-05-06 12:57:16', -31.5213, NULL, '2013-05-06 12:57:16'),
(159, 17, '2013-05-06 12:57:18', -39.981, NULL, '2013-05-06 12:57:18'),
(160, 17, '2013-05-06 12:57:20', -32.984, NULL, '2013-05-06 12:57:20'),
(161, 17, '2013-05-06 12:57:22', -13.2417, NULL, '2013-05-06 12:57:22'),
(162, 17, '2013-05-06 12:57:24', 11.6294, NULL, '2013-05-06 12:57:24'),
(163, 17, '2013-05-06 12:57:26', 31.9949, NULL, '2013-05-06 12:57:26'),
(164, 17, '2013-05-06 12:57:28', 39.9974, NULL, '2013-05-06 12:57:28'),
(165, 17, '2013-05-06 12:57:30', 32.537, NULL, '2013-05-06 12:57:30'),
(166, 17, '2013-05-06 12:57:32', 12.4921, NULL, '2013-05-06 12:57:32'),
(167, 17, '2013-05-06 12:57:34', -12.5637, NULL, '2013-05-06 12:57:34'),
(168, 17, '2013-05-06 12:57:36', -32.4564, NULL, '2013-05-06 12:57:36'),
(169, 17, '2013-05-06 12:57:38', -39.9987, NULL, '2013-05-06 12:57:38'),
(170, 17, '2013-05-06 12:57:40', -31.9572, NULL, '2013-05-06 12:57:40'),
(171, 17, '2013-05-06 12:57:42', -11.7496, NULL, '2013-05-06 12:57:42'),
(172, 17, '2013-05-06 12:57:44', 13.1111, NULL, '2013-05-06 12:57:44'),
(173, 17, '2013-05-06 12:57:46', 32.9056, NULL, '2013-05-06 12:57:46'),
(174, 17, '2013-05-06 12:57:48', 39.9847, NULL, '2013-05-06 12:57:48'),
(175, 17, '2013-05-06 12:57:50', 31.6062, NULL, '2013-05-06 12:57:50'),
(176, 17, '2013-05-06 12:57:52', 11.0027, NULL, '2013-05-06 12:57:52'),
(177, 17, '2013-05-06 12:57:54', -13.8447, NULL, '2013-05-06 12:57:54'),
(178, 17, '2013-05-06 12:57:56', -33.3493, NULL, '2013-05-06 12:57:56'),
(179, 17, '2013-05-06 12:57:58', -39.9556, NULL, '2013-05-06 12:57:58'),
(180, 17, '2013-05-06 12:58:00', -31.1227, NULL, '2013-05-06 12:58:00'),
(181, 17, '2013-05-06 12:58:02', -10.2516, NULL, '2013-05-06 12:58:02'),
(182, 17, '2013-05-06 12:58:04', 14.573, NULL, '2013-05-06 12:58:04'),
(183, 17, '2013-05-06 12:58:06', 33.7731, NULL, '2013-05-06 12:58:06'),
(184, 17, '2013-05-06 12:58:08', 39.9113, NULL, '2013-05-06 12:58:08'),
(185, 17, '2013-05-06 12:58:10', 30.6274, NULL, '2013-05-06 12:58:10'),
(186, 17, '2013-05-06 12:58:12', 9.49658, NULL, '2013-05-06 12:58:12'),
(187, 17, '2013-05-06 12:58:14', -15.2957, NULL, '2013-05-06 12:58:14'),
(188, 17, '2013-05-06 12:58:16', -34.3848, NULL, '2013-05-06 12:58:16'),
(189, 17, '2013-05-06 12:58:18', -39.8341, NULL, '2013-05-06 12:58:18'),
(190, 17, '2013-05-06 12:58:20', -29.9878, NULL, '2013-05-06 12:58:20'),
(191, 17, '2013-05-06 12:58:22', -8.55395, NULL, '2013-05-06 12:58:22'),
(192, 17, '2013-05-06 12:58:24', 16.1967, NULL, '2013-05-06 12:58:24'),
(193, 17, '2013-05-06 12:58:26', 34.6766, NULL, '2013-05-06 12:58:26'),
(194, 17, '2013-05-06 12:58:28', 39.7557, NULL, '2013-05-06 12:58:28'),
(195, 17, '2013-05-06 12:58:30', 29.4666, NULL, '2013-05-06 12:58:30'),
(196, 17, '2013-05-06 12:58:32', 7.77896, NULL, '2013-05-06 12:58:32'),
(197, 17, '2013-05-06 12:58:34', -16.906, NULL, '2013-05-06 12:58:34'),
(198, 17, '2013-05-06 12:58:36', -35.0583, NULL, '2013-05-06 12:58:36'),
(199, 17, '2013-05-06 12:58:38', -39.6622, NULL, '2013-05-06 12:58:38'),
(200, 17, '2013-05-06 12:58:40', -28.9341, NULL, '2013-05-06 12:58:40'),
(201, 17, '2013-05-06 12:58:42', -7.01329, NULL, '2013-05-06 12:58:42'),
(202, 17, '2013-05-06 12:58:44', 17.6089, NULL, '2013-05-06 12:58:44'),
(203, 17, '2013-05-06 12:58:46', 35.4268, NULL, '2013-05-06 12:58:46'),
(204, 17, '2013-05-06 12:58:48', 39.5536, NULL, '2013-05-06 12:58:48'),
(205, 17, '2013-05-06 12:58:50', 28.3907, NULL, '2013-05-06 12:58:50'),
(206, 17, '2013-05-06 12:58:52', 6.24497, NULL, '2013-05-06 12:58:52'),
(207, 17, '2013-05-06 12:58:54', -18.305, NULL, '2013-05-06 12:58:54'),
(208, 17, '2013-05-06 12:58:56', -35.7874, NULL, '2013-05-06 12:58:56'),
(209, 17, '2013-05-06 12:58:58', -39.43, NULL, '2013-05-06 12:58:58'),
(210, 17, '2013-05-06 12:59:00', -27.8365, NULL, '2013-05-06 12:59:00'),
(211, 17, '2013-05-06 12:59:02', -5.47427, NULL, '2013-05-06 12:59:02'),
(212, 17, '2013-05-06 12:59:04', 18.9943, NULL, '2013-05-06 12:59:04'),
(213, 17, '2013-05-06 12:59:06', 36.1286, NULL, '2013-05-06 12:59:06'),
(214, 17, '2013-05-06 12:59:08', 39.2915, NULL, '2013-05-06 12:59:08'),
(215, 17, '2013-05-06 12:59:10', 27.2718, NULL, '2013-05-06 12:59:10'),
(216, 17, '2013-05-06 12:59:12', 4.7015, NULL, '2013-05-06 12:59:12'),
(217, 17, '2013-05-06 12:59:14', -19.6763, NULL, '2013-05-06 12:59:14'),
(218, 17, '2013-05-06 12:59:16', -36.4561, NULL, '2013-05-06 12:59:16'),
(219, 17, '2013-05-06 12:59:18', -39.1381, NULL, '2013-05-06 12:59:18'),
(220, 17, '2013-05-06 12:59:20', -26.6967, NULL, '2013-05-06 12:59:20'),
(221, 17, '2013-05-06 12:59:22', -3.92694, NULL, '2013-05-06 12:59:22'),
(222, 17, '2013-05-06 12:59:24', 20.3508, NULL, '2013-05-06 12:59:24'),
(223, 17, '2013-05-06 12:59:26', 36.7698, NULL, '2013-05-06 12:59:26'),
(224, 17, '2013-05-06 12:59:28', 38.9698, NULL, '2013-05-06 12:59:28'),
(225, 17, '2013-05-06 12:59:30', 26.1019, NULL, '2013-05-06 12:59:30'),
(226, 17, '2013-05-06 12:59:32', 3.15089, NULL, '2013-05-06 12:59:32'),
(227, 17, '2013-05-06 12:59:34', -21.0177, NULL, '2013-05-06 12:59:34'),
(228, 17, '2013-05-06 12:59:36', -37.0695, NULL, '2013-05-06 12:59:36'),
(229, 17, '2013-05-06 12:59:38', -38.7867, NULL, '2013-05-06 12:59:38'),
(230, 17, '2013-05-06 12:59:41', -25.5066, NULL, '2013-05-06 12:59:41'),
(231, 17, '2013-05-06 12:59:43', -2.37365, NULL, '2013-05-06 12:59:43'),
(232, 17, '2013-05-06 12:59:45', 21.6765, NULL, '2013-05-06 12:59:45'),
(233, 17, '2013-05-06 12:59:47', 37.4222, NULL, '2013-05-06 12:59:47'),
(234, 17, '2013-05-06 12:59:49', 38.5355, NULL, '2013-05-06 12:59:49'),
(235, 17, '2013-05-06 12:59:51', 24.9017, NULL, '2013-05-06 12:59:51'),
(236, 17, '2013-05-06 12:59:53', 1.39458, NULL, '2013-05-06 12:59:53'),
(237, 17, '2013-05-06 12:59:55', -22.6597, NULL, '2013-05-06 12:59:55'),
(238, 17, '2013-05-06 12:59:57', -37.7571, NULL, '2013-05-06 12:59:57'),
(239, 17, '2013-05-06 12:59:59', -38.2612, NULL, '2013-05-06 12:59:59'),
(240, 17, '2013-05-06 13:00:01', -23.9766, NULL, '2013-05-06 13:00:01'),
(241, 17, '2013-05-06 13:00:03', -0.427248, NULL, '2013-05-06 13:00:03'),
(242, 17, '2013-05-06 13:00:05', 23.2974, NULL, '2013-05-06 13:00:05'),
(243, 17, '2013-05-06 13:00:07', 38.0072, NULL, '2013-05-06 13:00:07'),
(244, 17, '2013-05-06 13:00:09', 38.0267, NULL, '2013-05-06 13:00:09'),
(245, 17, '2013-05-06 13:00:11', 23.3485, NULL, '2013-05-06 13:00:11'),
(246, 17, '2013-05-06 13:00:13', -0.351854, NULL, '2013-05-06 13:00:13'),
(247, 17, '2013-05-06 13:00:15', -23.9263, NULL, '2013-05-06 13:00:15'),
(248, 17, '2013-05-06 13:00:17', -38.2428, NULL, '2013-05-06 13:00:17'),
(249, 17, '2013-05-06 13:00:19', -37.7778, NULL, '2013-05-06 13:00:19'),
(250, 17, '2013-05-06 13:00:21', -22.7115, NULL, '2013-05-06 13:00:21'),
(251, 17, '2013-05-06 13:00:23', 1.13082, NULL, '2013-05-06 13:00:23'),
(252, 17, '2013-05-06 13:00:25', 24.5461, NULL, '2013-05-06 13:00:25'),
(253, 17, '2013-05-06 13:00:27', 38.4639, NULL, '2013-05-06 13:00:27'),
(254, 17, '2013-05-06 13:00:29', 37.5146, NULL, '2013-05-06 13:00:29'),
(255, 17, '2013-05-06 13:00:31', 22.0658, NULL, '2013-05-06 13:00:31'),
(256, 17, '2013-05-06 13:00:33', -1.92191, NULL, '2013-05-06 13:00:33'),
(257, 17, '2013-05-06 13:00:35', -25.1565, NULL, '2013-05-06 13:00:35'),
(258, 17, '2013-05-06 13:00:37', -38.6704, NULL, '2013-05-06 13:00:37'),
(259, 17, '2013-05-06 13:00:39', -37.2371, NULL, '2013-05-06 13:00:39'),
(260, 17, '2013-05-06 13:00:41', -21.4118, NULL, '2013-05-06 13:00:41'),
(261, 17, '2013-05-06 13:00:43', 2.69972, NULL, '2013-05-06 13:00:43'),
(262, 17, '2013-05-06 13:00:45', 25.7575, NULL, '2013-05-06 13:00:45'),
(263, 17, '2013-05-06 13:00:47', 38.8623, NULL, '2013-05-06 13:00:47'),
(264, 17, '2013-05-06 13:00:49', 36.9456, NULL, '2013-05-06 13:00:49'),
(265, 17, '2013-05-06 13:00:51', 20.7497, NULL, '2013-05-06 13:00:51'),
(266, 17, '2013-05-06 13:00:53', -3.47649, NULL, '2013-05-06 13:00:53'),
(267, 17, '2013-05-06 13:00:55', -26.3486, NULL, '2013-05-06 13:00:55'),
(268, 17, '2013-05-06 13:00:57', -39.0394, NULL, '2013-05-06 13:00:57'),
(269, 17, '2013-05-06 13:00:59', -36.64, NULL, '2013-05-06 13:00:59'),
(270, 17, '2013-05-06 13:01:01', -20.0798, NULL, '2013-05-06 13:01:01'),
(271, 17, '2013-05-06 13:01:03', 4.25195, NULL, '2013-05-06 13:01:03'),
(272, 17, '2013-05-06 13:01:05', 26.9298, NULL, '2013-05-06 13:01:05'),
(273, 17, '2013-05-06 13:01:07', 39.2042, NULL, '2013-05-06 13:01:07'),
(274, 17, '2013-05-06 13:01:09', 36.3205, NULL, '2013-05-06 13:01:09'),
(275, 17, '2013-05-06 13:01:11', 19.4022, NULL, '2013-05-06 13:01:11'),
(276, 17, '2013-05-06 13:01:13', -5.0258, NULL, '2013-05-06 13:01:13'),
(277, 17, '2013-05-06 13:01:15', -27.5007, NULL, '2013-05-06 13:01:15'),
(278, 17, '2013-05-06 13:01:17', -39.3514, NULL, '2013-05-06 13:01:17'),
(279, 17, '2013-05-06 13:01:19', -35.9872, NULL, '2013-05-06 13:01:19'),
(280, 17, '2013-05-06 13:01:21', -18.7172, NULL, '2013-05-06 13:01:21'),
(281, 17, '2013-05-06 13:01:23', 5.79773, NULL, '2013-05-06 13:01:23'),
(282, 17, '2013-05-06 13:01:25', 28.0613, NULL, '2013-05-06 13:01:25'),
(283, 17, '2013-05-06 13:01:27', 39.4837, NULL, '2013-05-06 13:01:27'),
(284, 17, '2013-05-06 13:01:29', 35.6403, NULL, '2013-05-06 13:01:29'),
(285, 17, '2013-05-06 13:01:31', 18.0251, NULL, '2013-05-06 13:01:31'),
(286, 17, '2013-05-06 13:01:33', -6.56747, NULL, '2013-05-06 13:01:33'),
(287, 17, '2013-05-06 13:01:35', -28.6111, NULL, '2013-05-06 13:01:35'),
(288, 17, '2013-05-06 13:01:37', -39.6009, NULL, '2013-05-06 13:01:37'),
(289, 17, '2013-05-06 13:01:39', -35.2798, NULL, '2013-05-06 13:01:39'),
(290, 17, '2013-05-06 13:01:41', -17.3149, NULL, '2013-05-06 13:01:41'),
(291, 17, '2013-05-06 13:01:43', 7.33472, NULL, '2013-05-06 13:01:43'),
(292, 17, '2013-05-06 13:01:45', 29.1501, NULL, '2013-05-06 13:01:45'),
(293, 17, '2013-05-06 13:01:47', 39.7032, NULL, '2013-05-06 13:01:47'),
(294, 17, '2013-05-06 13:01:49', 34.906, NULL, '2013-05-06 13:01:49'),
(295, 17, '2013-05-06 13:01:51', 16.6093, NULL, '2013-05-06 13:01:51'),
(296, 17, '2013-05-06 13:01:53', -8.09919, NULL, '2013-05-06 13:01:53'),
(297, 17, '2013-05-06 13:01:55', -29.6781, NULL, '2013-05-06 13:01:55'),
(298, 17, '2013-05-06 13:01:57', -39.7904, NULL, '2013-05-06 13:01:57'),
(299, 17, '2013-05-06 13:01:59', -34.5189, NULL, '2013-05-06 13:01:59'),
(300, 17, '2013-05-06 13:02:01', -15.8974, NULL, '2013-05-06 13:02:01'),
(301, 17, '2013-05-06 13:02:03', 8.86058, NULL, '2013-05-06 13:02:03'),
(302, 17, '2013-05-06 13:02:05', 30.203, NULL, '2013-05-06 13:02:05'),
(303, 17, '2013-05-06 13:02:07', 39.8625, NULL, '2013-05-06 13:02:07'),
(304, 17, '2013-05-06 13:02:09', 34.1187, NULL, '2013-05-06 13:02:09'),
(305, 17, '2013-05-06 13:02:11', 15.1795, NULL, '2013-05-06 13:02:11'),
(306, 17, '2013-05-06 13:02:13', -9.61861, NULL, '2013-05-06 13:02:13'),
(307, 17, '2013-05-06 13:02:15', -30.7081, NULL, '2013-05-06 13:02:15'),
(308, 17, '2013-05-06 13:02:18', -39.9195, NULL, '2013-05-06 13:02:18'),
(309, 17, '2013-05-06 13:02:20', -33.7056, NULL, '2013-05-06 13:02:20'),
(310, 17, '2013-05-06 13:02:22', -14.4559, NULL, '2013-05-06 13:02:22'),
(311, 17, '2013-05-06 13:02:24', 10.373, NULL, '2013-05-06 13:02:24'),
(312, 17, '2013-05-06 13:02:26', 31.2015, NULL, '2013-05-06 13:02:26'),
(313, 17, '2013-05-06 13:02:28', 39.9613, NULL, '2013-05-06 13:02:28'),
(314, 17, '2013-05-06 13:02:30', 33.2797, NULL, '2013-05-06 13:02:30'),
(315, 17, '2013-05-06 13:02:32', 13.7267, NULL, '2013-05-06 13:02:32'),
(316, 17, '2013-05-06 13:02:34', -11.1234, NULL, '2013-05-06 13:02:34'),
(317, 17, '2013-05-06 13:02:36', -31.6831, NULL, '2013-05-06 13:02:36'),
(318, 17, '2013-05-06 13:02:38', -39.988, NULL, '2013-05-06 13:02:38'),
(319, 17, '2013-05-06 13:02:40', -32.834, NULL, '2013-05-06 13:02:40'),
(320, 17, '2013-05-06 13:02:42', -12.9924, NULL, '2013-05-06 13:02:42'),
(321, 17, '2013-05-06 13:02:44', 11.8697, NULL, '2013-05-06 13:02:44'),
(322, 17, '2013-05-06 13:02:46', 32.1526, NULL, '2013-05-06 13:02:46'),
(323, 17, '2013-05-06 13:02:48', 39.9995, NULL, '2013-05-06 13:02:48'),
(324, 17, '2013-05-06 13:02:50', 32.3828, NULL, '2013-05-06 13:02:50'),
(325, 17, '2013-05-06 13:02:52', 12.2531, NULL, '2013-05-06 13:02:52'),
(326, 17, '2013-05-06 13:02:54', -12.6114, NULL, '2013-05-06 13:02:54'),
(327, 17, '2013-05-06 13:02:56', -32.61, NULL, '2013-05-06 13:02:56'),
(328, 17, '2013-05-06 13:02:58', -39.9958, NULL, '2013-05-06 13:02:58'),
(329, 17, '2013-05-06 13:03:00', -31.9194, NULL, '2013-05-06 13:03:00'),
(330, 17, '2013-05-06 13:03:02', -11.5091, NULL, '2013-05-06 13:03:02'),
(331, 17, '2013-05-06 13:03:04', 13.3483, NULL, '2013-05-06 13:03:04'),
(332, 17, '2013-05-06 13:03:06', 33.0549, NULL, '2013-05-06 13:03:06'),
(333, 17, '2013-05-06 13:03:08', 39.977, NULL, '2013-05-06 13:03:08'),
(334, 17, '2013-05-06 13:03:10', 31.4438, NULL, '2013-05-06 13:03:10'),
(335, 17, '2013-05-06 13:03:12', 10.7608, NULL, '2013-05-06 13:03:12'),
(336, 17, '2013-05-06 13:03:14', -14.092, NULL, '2013-05-06 13:03:14'),
(337, 17, '2013-05-06 13:03:16', -33.4874, NULL, '2013-05-06 13:03:16'),
(338, 17, '2013-05-06 13:03:18', -39.943, NULL, '2013-05-06 13:03:18'),
(339, 17, '2013-05-06 13:03:20', -30.9563, NULL, '2013-05-06 13:03:20'),
(340, 17, '2013-05-06 13:03:22', -10.0084, NULL, '2013-05-06 13:03:22'),
(341, 17, '2013-05-06 13:03:24', 14.8184, NULL, '2013-05-06 13:03:24'),
(342, 17, '2013-05-06 13:03:26', 33.9071, NULL, '2013-05-06 13:03:26'),
(343, 17, '2013-05-06 13:03:28', 39.8938, NULL, '2013-05-06 13:03:28'),
(344, 17, '2013-05-06 13:03:30', 30.457, NULL, '2013-05-06 13:03:30'),
(345, 17, '2013-05-06 13:03:32', 9.25226, NULL, '2013-05-06 13:03:32'),
(346, 17, '2013-05-06 13:03:34', -15.5392, NULL, '2013-05-06 13:03:34'),
(347, 17, '2013-05-06 13:03:36', -34.4169, NULL, '2013-05-06 13:03:36'),
(348, 17, '2013-05-06 13:03:38', -39.8105, NULL, '2013-05-06 13:03:38'),
(349, 17, '2013-05-06 13:03:40', -29.9462, NULL, '2013-05-06 13:03:40'),
(350, 17, '2013-05-06 13:03:42', -8.49257, NULL, '2013-05-06 13:03:42'),
(351, 17, '2013-05-06 13:03:44', 16.2542, NULL, '2013-05-06 13:03:44'),
(352, 17, '2013-05-06 13:03:46', 34.7078, NULL, '2013-05-06 13:03:46'),
(353, 17, '2013-05-06 13:03:48', 39.7487, NULL, '2013-05-06 13:03:48'),
(354, 17, '2013-05-06 13:03:50', 29.424, NULL, '2013-05-06 13:03:50'),
(355, 17, '2013-05-06 13:03:52', 7.72965, NULL, '2013-05-06 13:03:52'),
(356, 17, '2013-05-06 13:03:54', -16.9629, NULL, '2013-05-06 13:03:54'),
(357, 17, '2013-05-06 13:03:56', -35.0885, NULL, '2013-05-06 13:03:56'),
(358, 17, '2013-05-06 13:03:58', -39.654, NULL, '2013-05-06 13:03:58'),
(359, 17, '2013-05-06 13:04:00', -28.8907, NULL, '2013-05-06 13:04:00'),
(360, 17, '2013-05-06 13:04:02', -6.9638, NULL, '2013-05-06 13:04:02'),
(361, 17, '2013-05-06 13:04:04', 17.6652, NULL, '2013-05-06 13:04:04'),
(362, 17, '2013-05-06 13:04:06', 35.4559, NULL, '2013-05-06 13:04:06'),
(363, 17, '2013-05-06 13:04:08', 39.5442, NULL, '2013-05-06 13:04:08'),
(364, 17, '2013-05-06 13:04:10', 28.3464, NULL, '2013-05-06 13:04:10'),
(365, 17, '2013-05-06 13:04:12', 6.1829, NULL, '2013-05-06 13:04:12'),
(366, 17, '2013-05-06 13:04:14', -18.3609, NULL, '2013-05-06 13:04:14'),
(367, 17, '2013-05-06 13:04:16', -35.8098, NULL, '2013-05-06 13:04:16'),
(368, 17, '2013-05-06 13:04:18', -39.4194, NULL, '2013-05-06 13:04:18'),
(369, 17, '2013-05-06 13:04:20', -27.7914, NULL, '2013-05-06 13:04:20'),
(370, 17, '2013-05-06 13:04:22', -5.41202, NULL, '2013-05-06 13:04:22'),
(371, 17, '2013-05-06 13:04:24', 19.0495, NULL, '2013-05-06 13:04:24'),
(372, 17, '2013-05-06 13:04:26', 36.1502, NULL, '2013-05-06 13:04:26'),
(373, 17, '2013-05-06 13:04:28', 39.2797, NULL, '2013-05-06 13:04:28'),
(374, 17, '2013-05-06 13:04:30', 27.2258, NULL, '2013-05-06 13:04:30'),
(375, 17, '2013-05-06 13:04:32', 4.63909, NULL, '2013-05-06 13:04:32'),
(376, 17, '2013-05-06 13:04:34', -19.731, NULL, '2013-05-06 13:04:34'),
(377, 17, '2013-05-06 13:04:36', -36.4768, NULL, '2013-05-06 13:04:36'),
(378, 17, '2013-05-06 13:04:38', -39.125, NULL, '2013-05-06 13:04:38'),
(379, 17, '2013-05-06 13:04:40', -26.6498, NULL, '2013-05-06 13:04:40'),
(380, 17, '2013-05-06 13:04:42', -3.86441, NULL, '2013-05-06 13:04:42'),
(381, 17, '2013-05-06 13:04:44', 20.4049, NULL, '2013-05-06 13:04:44'),
(382, 17, '2013-05-06 13:04:46', 36.7945, NULL, '2013-05-06 13:04:46'),
(383, 17, '2013-05-06 13:04:48', 38.9556, NULL, '2013-05-06 13:04:48'),
(384, 17, '2013-05-06 13:04:50', 26.0638, NULL, '2013-05-06 13:04:50'),
(385, 17, '2013-05-06 13:04:52', 3.08825, NULL, '2013-05-06 13:04:52'),
(386, 17, '2013-05-06 13:04:54', -21.0711, NULL, '2013-05-06 13:04:54'),
(387, 17, '2013-05-06 13:04:56', -37.0931, NULL, '2013-05-06 13:04:56'),
(388, 17, '2013-05-06 13:04:58', -38.7713, NULL, '2013-05-06 13:04:58'),
(389, 17, '2013-05-06 13:05:01', -25.4679, NULL, '2013-05-06 13:05:01'),
(390, 17, '2013-05-06 13:05:03', -2.31092, NULL, '2013-05-06 13:05:03'),
(391, 17, '2013-05-06 13:05:05', 21.7293, NULL, '2013-05-06 13:05:05'),
(392, 17, '2013-05-06 13:05:07', 37.3776, NULL, '2013-05-06 13:05:07'),
(393, 17, '2013-05-06 13:05:09', 38.5723, NULL, '2013-05-06 13:05:09'),
(394, 17, '2013-05-06 13:05:11', 24.8525, NULL, '2013-05-06 13:05:11'),
(395, 17, '2013-05-06 13:05:13', 1.53272, NULL, '2013-05-06 13:05:13'),
(396, 17, '2013-05-06 13:05:15', -22.3793, NULL, '2013-05-06 13:05:15'),
(397, 17, '2013-05-06 13:05:17', -37.648, NULL, '2013-05-06 13:05:17'),
(398, 17, '2013-05-06 13:05:19', -38.3587, NULL, '2013-05-06 13:05:19'),
(399, 17, '2013-05-06 13:05:21', -24.2373, NULL, '2013-05-06 13:05:21'),
(400, 17, '2013-05-06 13:05:23', -0.753938, NULL, '2013-05-06 13:05:23'),
(401, 17, '2013-05-06 13:05:25', 23.0208, NULL, '2013-05-06 13:05:25'),
(402, 17, '2013-05-06 13:05:27', 37.9041, NULL, '2013-05-06 13:05:27'),
(403, 17, '2013-05-06 13:05:29', 38.1306, NULL, '2013-05-06 13:05:29'),
(404, 17, '2013-05-06 13:05:31', 23.613, NULL, '2013-05-06 13:05:31'),
(405, 17, '2013-05-06 13:05:33', -0.0251327, NULL, '2013-05-06 13:05:33'),
(406, 17, '2013-05-06 13:05:35', -23.6535, NULL, '2013-05-06 13:05:35'),
(407, 17, '2013-05-06 13:05:37', -38.1457, NULL, '2013-05-06 13:05:37'),
(408, 17, '2013-05-06 13:05:39', -37.888, NULL, '2013-05-06 13:05:39'),
(409, 17, '2013-05-06 13:05:41', -22.9796, NULL, '2013-05-06 13:05:41'),
(410, 17, '2013-05-06 13:05:43', 0.804194, NULL, '2013-05-06 13:05:43'),
(411, 17, '2013-05-06 13:05:45', 24.2873, NULL, '2013-05-06 13:05:45'),
(412, 17, '2013-05-06 13:05:47', 38.373, NULL, '2013-05-06 13:05:47'),
(413, 17, '2013-05-06 13:05:49', 37.631, NULL, '2013-05-06 13:05:49'),
(414, 17, '2013-05-06 13:05:51', 22.3376, NULL, '2013-05-06 13:05:51'),
(415, 17, '2013-05-06 13:05:53', -1.58295, NULL, '2013-05-06 13:05:53'),
(416, 17, '2013-05-06 13:05:55', -24.9017, NULL, '2013-05-06 13:05:55'),
(417, 17, '2013-05-06 13:05:57', -38.5856, NULL, '2013-05-06 13:05:57'),
(418, 17, '2013-05-06 13:05:59', -37.3597, NULL, '2013-05-06 13:05:59'),
(419, 17, '2013-05-06 13:06:01', -21.6871, NULL, '2013-05-06 13:06:01'),
(420, 17, '2013-05-06 13:06:03', 2.3611, NULL, '2013-05-06 13:06:03'),
(421, 17, '2013-05-06 13:06:05', 25.5066, NULL, '2013-05-06 13:06:05'),
(422, 17, '2013-05-06 13:06:07', 38.7836, NULL, '2013-05-06 13:06:07'),
(423, 17, '2013-05-06 13:06:09', 37.0743, NULL, '2013-05-06 13:06:09'),
(424, 17, '2013-05-06 13:06:11', 21.0284, NULL, '2013-05-06 13:06:11'),
(425, 17, '2013-05-06 13:06:13', -3.13836, NULL, '2013-05-06 13:06:13'),
(426, 17, '2013-05-06 13:06:15', -26.1019, NULL, '2013-05-06 13:06:15'),
(427, 17, '2013-05-06 13:06:17', -38.9669, NULL, '2013-05-06 13:06:17'),
(428, 17, '2013-05-06 13:06:19', -36.7698, NULL, '2013-05-06 13:06:19'),
(429, 17, '2013-05-06 13:06:21', -20.3617, NULL, '2013-05-06 13:06:21'),
(430, 17, '2013-05-06 13:06:23', 4.11448, NULL, '2013-05-06 13:06:23'),
(431, 17, '2013-05-06 13:06:25', 26.8274, NULL, '2013-05-06 13:06:25'),
(432, 17, '2013-05-06 13:06:27', 39.1765, NULL, '2013-05-06 13:06:27'),
(433, 17, '2013-05-06 13:06:29', 36.2941, NULL, '2013-05-06 13:06:29'),
(434, 17, '2013-05-06 13:06:31', 19.171, NULL, '2013-05-06 13:06:31'),
(435, 17, '2013-05-06 13:06:33', -5.08812, NULL, '2013-05-06 13:06:33'),
(436, 17, '2013-05-06 13:06:35', -27.5463, NULL, '2013-05-06 13:06:35'),
(437, 17, '2013-05-06 13:06:37', -39.3604, NULL, '2013-05-06 13:06:37'),
(438, 17, '2013-05-06 13:06:39', -35.9597, NULL, '2013-05-06 13:06:39'),
(439, 17, '2013-05-06 13:06:41', -18.6616, NULL, '2013-05-06 13:06:41'),
(440, 17, '2013-05-06 13:06:43', 5.8599, NULL, '2013-05-06 13:06:43'),
(441, 17, '2013-05-06 13:06:45', 28.106, NULL, '2013-05-06 13:06:45'),
(442, 17, '2013-05-06 13:06:47', 39.4937, NULL, '2013-05-06 13:06:47'),
(443, 17, '2013-05-06 13:06:49', 35.6117, NULL, '2013-05-06 13:06:49'),
(444, 17, '2013-05-06 13:06:51', 17.969, NULL, '2013-05-06 13:06:51'),
(445, 17, '2013-05-06 13:06:53', -6.62945, NULL, '2013-05-06 13:06:53'),
(446, 17, '2013-05-06 13:06:55', -28.655, NULL, '2013-05-06 13:06:55'),
(447, 17, '2013-05-06 13:06:57', -39.6097, NULL, '2013-05-06 13:06:57'),
(448, 17, '2013-05-06 13:06:59', -35.2502, NULL, '2013-05-06 13:06:59'),
(449, 17, '2013-05-06 13:07:01', -17.2696, NULL, '2013-05-06 13:07:01'),
(450, 17, '2013-05-06 13:07:03', 7.39648, NULL, '2013-05-06 13:07:03'),
(451, 17, '2013-05-06 13:07:05', 29.1931, NULL, '2013-05-06 13:07:05'),
(452, 17, '2013-05-06 13:07:07', 39.7108, NULL, '2013-05-06 13:07:07'),
(453, 17, '2013-05-06 13:07:09', 34.8753, NULL, '2013-05-06 13:07:09'),
(454, 17, '2013-05-06 13:07:11', 16.5636, NULL, '2013-05-06 13:07:11'),
(455, 17, '2013-05-06 13:07:13', -8.16071, NULL, '2013-05-06 13:07:13'),
(456, 17, '2013-05-06 13:07:15', -29.7202, NULL, '2013-05-06 13:07:15'),
(457, 17, '2013-05-06 13:07:17', -39.7968, NULL, '2013-05-06 13:07:17'),
(458, 17, '2013-05-06 13:07:19', -34.4871, NULL, '2013-05-06 13:07:19'),
(459, 17, '2013-05-06 13:07:21', -15.8398, NULL, '2013-05-06 13:07:21'),
(460, 17, '2013-05-06 13:07:23', 8.92184, NULL, '2013-05-06 13:07:23'),
(461, 17, '2013-05-06 13:07:25', 30.236, NULL, '2013-05-06 13:07:25'),
(462, 17, '2013-05-06 13:07:27', 39.8677, NULL, '2013-05-06 13:07:27'),
(463, 17, '2013-05-06 13:07:29', 34.0859, NULL, '2013-05-06 13:07:29'),
(464, 17, '2013-05-06 13:07:31', 15.1214, NULL, '2013-05-06 13:07:31'),
(465, 17, '2013-05-06 13:07:33', -9.67959, NULL, '2013-05-06 13:07:33'),
(466, 17, '2013-05-06 13:07:35', -30.7403, NULL, '2013-05-06 13:07:35'),
(467, 17, '2013-05-06 13:07:38', -39.9234, NULL, '2013-05-06 13:07:38'),
(468, 17, '2013-05-06 13:07:40', -33.5628, NULL, '2013-05-06 13:07:40'),
(469, 17, '2013-05-06 13:07:42', -14.3973, NULL, '2013-05-06 13:07:42'),
(470, 17, '2013-05-06 13:07:44', 10.4337, NULL, '2013-05-06 13:07:44'),
(471, 17, '2013-05-06 13:07:46', 31.2329, NULL, '2013-05-06 13:07:46'),
(472, 17, '2013-05-06 13:07:48', 39.964, NULL, '2013-05-06 13:07:48'),
(473, 17, '2013-05-06 13:07:50', 33.2448, NULL, '2013-05-06 13:07:50'),
(474, 17, '2013-05-06 13:07:52', 13.6677, NULL, '2013-05-06 13:07:52'),
(475, 17, '2013-05-06 13:07:54', -11.1838, NULL, '2013-05-06 13:07:54'),
(476, 17, '2013-05-06 13:07:56', -31.7214, NULL, '2013-05-06 13:07:56'),
(477, 17, '2013-05-06 13:07:58', -39.9895, NULL, '2013-05-06 13:07:58'),
(478, 17, '2013-05-06 13:08:00', -32.8053, NULL, '2013-05-06 13:08:00'),
(479, 17, '2013-05-06 13:08:02', -12.9329, NULL, '2013-05-06 13:08:02'),
(480, 17, '2013-05-06 13:08:04', 11.9297, NULL, '2013-05-06 13:08:04'),
(481, 17, '2013-05-06 13:08:06', 32.19, NULL, '2013-05-06 13:08:06'),
(482, 17, '2013-05-06 13:08:08', 39.9998, NULL, '2013-05-06 13:08:08'),
(483, 17, '2013-05-06 13:08:10', 32.3533, NULL, '2013-05-06 13:08:10'),
(484, 17, '2013-05-06 13:08:12', 12.1932, NULL, '2013-05-06 13:08:12'),
(485, 17, '2013-05-06 13:08:14', -12.671, NULL, '2013-05-06 13:08:14'),
(486, 17, '2013-05-06 13:08:16', -32.6463, NULL, '2013-05-06 13:08:16'),
(487, 17, '2013-05-06 13:08:18', -39.9949, NULL, '2013-05-06 13:08:18'),
(488, 17, '2013-05-06 13:08:20', -31.8814, NULL, '2013-05-06 13:08:20'),
(489, 17, '2013-05-06 13:08:22', -11.4489, NULL, '2013-05-06 13:08:22'),
(490, 17, '2013-05-06 13:08:24', 13.4075, NULL, '2013-05-06 13:08:24'),
(491, 17, '2013-05-06 13:08:26', 33.0903, NULL, '2013-05-06 13:08:26'),
(492, 17, '2013-05-06 13:08:28', 39.9748, NULL, '2013-05-06 13:08:28'),
(493, 17, '2013-05-06 13:08:30', 31.4049, NULL, '2013-05-06 13:08:30'),
(494, 17, '2013-05-06 13:08:32', 10.7003, NULL, '2013-05-06 13:08:32'),
(495, 17, '2013-05-06 13:08:34', -14.139, NULL, '2013-05-06 13:08:34'),
(496, 17, '2013-05-06 13:08:36', -33.5217, NULL, '2013-05-06 13:08:36'),
(497, 17, '2013-05-06 13:08:38', -39.928, NULL, '2013-05-06 13:08:38'),
(498, 17, '2013-05-06 13:08:40', -30.7965, NULL, '2013-05-06 13:08:40'),
(499, 17, '2013-05-06 13:08:42', -9.9476, NULL, '2013-05-06 13:08:42'),
(500, 17, '2013-05-06 13:08:44', 14.8651, NULL, '2013-05-06 13:08:44'),
(501, 17, '2013-05-06 13:08:46', 33.9404, NULL, '2013-05-06 13:08:46'),
(502, 17, '2013-05-06 13:08:48', 39.8892, NULL, '2013-05-06 13:08:48'),
(503, 17, '2013-05-06 13:08:50', 30.4162, NULL, '2013-05-06 13:08:50'),
(504, 17, '2013-05-06 13:08:52', 9.19112, NULL, '2013-05-06 13:08:52'),
(505, 17, '2013-05-06 13:08:54', -15.5971, NULL, '2013-05-06 13:08:54'),
(506, 17, '2013-05-06 13:08:56', -34.3462, NULL, '2013-05-06 13:08:56'),
(507, 17, '2013-05-06 13:08:58', -39.8237, NULL, '2013-05-06 13:08:58'),
(508, 17, '2013-05-06 13:09:00', -29.9045, NULL, '2013-05-06 13:09:00'),
(509, 17, '2013-05-06 13:09:02', -8.43116, NULL, '2013-05-06 13:09:02'),
(510, 17, '2013-05-06 13:09:04', 16.3115, NULL, '2013-05-06 13:09:04'),
(511, 17, '2013-05-06 13:09:06', 34.739, NULL, '2013-05-06 13:09:06'),
(512, 17, '2013-05-06 13:09:08', 39.743, NULL, '2013-05-06 13:09:08'),
(513, 17, '2013-05-06 13:09:10', 29.3814, NULL, '2013-05-06 13:09:10'),
(514, 17, '2013-05-06 13:09:12', 7.66799, NULL, '2013-05-06 13:09:12'),
(515, 17, '2013-05-06 13:09:14', -17.0198, NULL, '2013-05-06 13:09:14'),
(516, 17, '2013-05-06 13:09:16', -35.1187, NULL, '2013-05-06 13:09:16'),
(517, 17, '2013-05-06 13:09:18', -39.6473, NULL, '2013-05-06 13:09:18'),
(518, 17, '2013-05-06 13:09:20', -28.8472, NULL, '2013-05-06 13:09:20'),
(519, 17, '2013-05-06 13:09:22', -6.90192, NULL, '2013-05-06 13:09:22'),
(520, 17, '2013-05-06 13:09:24', 17.7216, NULL, '2013-05-06 13:09:24'),
(521, 17, '2013-05-06 13:09:26', 35.4849, NULL, '2013-05-06 13:09:26'),
(522, 17, '2013-05-06 13:09:28', 39.5347, NULL, '2013-05-06 13:09:28'),
(523, 17, '2013-05-06 13:09:30', 28.302, NULL, '2013-05-06 13:09:30'),
(524, 17, '2013-05-06 13:09:32', 6.13323, NULL, '2013-05-06 13:09:32'),
(525, 17, '2013-05-06 13:09:34', -18.4167, NULL, '2013-05-06 13:09:34'),
(526, 17, '2013-05-06 13:09:36', -35.8378, NULL, '2013-05-06 13:09:36'),
(527, 17, '2013-05-06 13:09:38', -39.4087, NULL, '2013-05-06 13:09:38'),
(528, 17, '2013-05-06 13:09:40', -27.7461, NULL, '2013-05-06 13:09:40'),
(529, 17, '2013-05-06 13:09:42', -5.36221, NULL, '2013-05-06 13:09:42'),
(530, 17, '2013-05-06 13:09:44', 19.1048, NULL, '2013-05-06 13:09:44'),
(531, 17, '2013-05-06 13:09:46', 36.177, NULL, '2013-05-06 13:09:46'),
(532, 17, '2013-05-06 13:09:48', 39.2677, NULL, '2013-05-06 13:09:48'),
(533, 17, '2013-05-06 13:09:50', 27.1797, NULL, '2013-05-06 13:09:50'),
(534, 17, '2013-05-06 13:09:52', 4.57668, NULL, '2013-05-06 13:09:52'),
(535, 17, '2013-05-06 13:09:54', -19.7856, NULL, '2013-05-06 13:09:54'),
(536, 17, '2013-05-06 13:09:56', -36.5025, NULL, '2013-05-06 13:09:56'),
(537, 17, '2013-05-06 13:09:58', -39.1119, NULL, '2013-05-06 13:09:58'),
(538, 17, '2013-05-06 13:10:00', -26.603, NULL, '2013-05-06 13:10:00'),
(539, 17, '2013-05-06 13:10:02', -3.80186, NULL, '2013-05-06 13:10:02'),
(540, 17, '2013-05-06 13:10:04', 20.4589, NULL, '2013-05-06 13:10:04'),
(541, 17, '2013-05-06 13:10:06', 36.8142, NULL, '2013-05-06 13:10:06'),
(542, 17, '2013-05-06 13:10:08', 38.9412, NULL, '2013-05-06 13:10:08'),
(543, 17, '2013-05-06 13:10:10', 26.0161, NULL, '2013-05-06 13:10:10'),
(544, 17, '2013-05-06 13:10:12', 3.0256, NULL, '2013-05-06 13:10:12'),
(545, 17, '2013-05-06 13:10:14', -21.1245, NULL, '2013-05-06 13:10:14'),
(546, 17, '2013-05-06 13:10:16', -37.1119, NULL, '2013-05-06 13:10:16'),
(547, 17, '2013-05-06 13:10:18', -38.7558, NULL, '2013-05-06 13:10:18'),
(548, 17, '2013-05-06 13:10:21', -25.4194, NULL, '2013-05-06 13:10:21'),
(549, 17, '2013-05-06 13:10:23', -2.24819, NULL, '2013-05-06 13:10:23'),
(550, 17, '2013-05-06 13:10:25', 21.782, NULL, '2013-05-06 13:10:25'),
(551, 17, '2013-05-06 13:10:27', 37.4, NULL, '2013-05-06 13:10:27'),
(552, 17, '2013-05-06 13:10:29', 38.5556, NULL, '2013-05-06 13:10:29'),
(553, 17, '2013-05-06 13:10:31', 24.8131, NULL, '2013-05-06 13:10:31'),
(554, 17, '2013-05-06 13:10:33', 1.46993, NULL, '2013-05-06 13:10:33'),
(555, 17, '2013-05-06 13:10:35', -22.4313, NULL, '2013-05-06 13:10:35'),
(556, 17, '2013-05-06 13:10:37', -37.6692, NULL, '2013-05-06 13:10:37'),
(557, 17, '2013-05-06 13:10:39', -38.3409, NULL, '2013-05-06 13:10:39'),
(558, 17, '2013-05-06 13:10:41', -24.1973, NULL, '2013-05-06 13:10:41'),
(559, 17, '2013-05-06 13:10:43', -0.691116, NULL, '2013-05-06 13:10:43'),
(560, 17, '2013-05-06 13:10:45', 23.0721, NULL, '2013-05-06 13:10:45'),
(561, 17, '2013-05-06 13:10:47', 37.9241, NULL, '2013-05-06 13:10:47'),
(562, 17, '2013-05-06 13:10:49', 38.1115, NULL, '2013-05-06 13:10:49'),
(563, 17, '2013-05-06 13:10:51', 23.5724, NULL, '2013-05-06 13:10:51'),
(564, 17, '2013-05-06 13:10:53', -0.276458, NULL, '2013-05-06 13:10:53'),
(565, 17, '2013-05-06 13:10:55', -23.7042, NULL, '2013-05-06 13:10:55'),
(566, 17, '2013-05-06 13:10:57', -38.1646, NULL, '2013-05-06 13:10:57'),
(567, 17, '2013-05-06 13:10:59', -37.8678, NULL, '2013-05-06 13:10:59'),
(568, 17, '2013-05-06 13:11:01', -22.9282, NULL, '2013-05-06 13:11:01'),
(569, 17, '2013-05-06 13:11:03', 0.867012, NULL, '2013-05-06 13:11:03'),
(570, 17, '2013-05-06 13:11:05', 24.3272, NULL, '2013-05-06 13:11:05'),
(571, 17, '2013-05-06 13:11:07', 38.3906, NULL, '2013-05-06 13:11:07'),
(572, 17, '2013-05-06 13:11:09', 37.6096, NULL, '2013-05-06 13:11:09'),
(573, 17, '2013-05-06 13:11:11', 22.2855, NULL, '2013-05-06 13:11:11'),
(574, 17, '2013-05-06 13:11:13', -1.64573, NULL, '2013-05-06 13:11:13'),
(575, 17, '2013-05-06 13:11:15', -24.941, NULL, '2013-05-06 13:11:15'),
(576, 17, '2013-05-06 13:11:17', -38.6511, NULL, '2013-05-06 13:11:17'),
(577, 17, '2013-05-06 13:11:19', -37.3372, NULL, '2013-05-06 13:11:19'),
(578, 17, '2013-05-06 13:11:21', -21.6343, NULL, '2013-05-06 13:11:21'),
(579, 17, '2013-05-06 13:11:23', 2.42382, NULL, '2013-05-06 13:11:23'),
(580, 17, '2013-05-06 13:11:25', 25.555, NULL, '2013-05-06 13:11:25'),
(581, 17, '2013-05-06 13:11:27', 38.799, NULL, '2013-05-06 13:11:27'),
(582, 17, '2013-05-06 13:11:29', 37.0506, NULL, '2013-05-06 13:11:29'),
(583, 17, '2013-05-06 13:11:31', 20.9749, NULL, '2013-05-06 13:11:31'),
(584, 17, '2013-05-06 13:11:33', -3.201, NULL, '2013-05-06 13:11:33'),
(585, 17, '2013-05-06 13:11:35', -26.1495, NULL, '2013-05-06 13:11:35'),
(586, 17, '2013-05-06 13:11:37', -38.9811, NULL, '2013-05-06 13:11:37'),
(587, 17, '2013-05-06 13:11:39', -36.75, NULL, '2013-05-06 13:11:39'),
(588, 17, '2013-05-06 13:11:41', -20.3076, NULL, '2013-05-06 13:11:41'),
(589, 17, '2013-05-06 13:11:43', 3.97696, NULL, '2013-05-06 13:11:43'),
(590, 17, '2013-05-06 13:11:45', 26.7341, NULL, '2013-05-06 13:11:45'),
(591, 17, '2013-05-06 13:11:47', 39.1484, NULL, '2013-05-06 13:11:47'),
(592, 17, '2013-05-06 13:11:49', 36.4354, NULL, '2013-05-06 13:11:49'),
(593, 17, '2013-05-06 13:11:51', 19.6325, NULL, '2013-05-06 13:11:51'),
(594, 17, '2013-05-06 13:11:53', -4.75141, NULL, '2013-05-06 13:11:53'),
(595, 17, '2013-05-06 13:11:55', -27.3085, NULL, '2013-05-06 13:11:55'),
(596, 17, '2013-05-06 13:11:57', -39.3009, NULL, '2013-05-06 13:11:57'),
(597, 17, '2013-05-06 13:11:59', -36.1016, NULL, '2013-05-06 13:11:59'),
(598, 17, '2013-05-06 13:12:01', -18.95, NULL, '2013-05-06 13:12:01'),
(599, 17, '2013-05-06 13:12:03', 5.52406, NULL, '2013-05-06 13:12:03'),
(600, 17, '2013-05-06 13:12:05', 27.8726, NULL, '2013-05-06 13:12:05'),
(601, 17, '2013-05-06 13:12:07', 39.4384, NULL, '2013-05-06 13:12:07'),
(602, 17, '2013-05-06 13:12:09', 35.7593, NULL, '2013-05-06 13:12:09'),
(603, 17, '2013-05-06 13:12:11', 18.2603, NULL, '2013-05-06 13:12:11'),
(604, 17, '2013-05-06 13:12:13', -6.29461, NULL, '2013-05-06 13:12:13'),
(605, 17, '2013-05-06 13:12:15', -28.4261, NULL, '2013-05-06 13:12:15'),
(606, 17, '2013-05-06 13:12:17', -39.561, NULL, '2013-05-06 13:12:17'),
(607, 17, '2013-05-06 13:12:19', -35.4034, NULL, '2013-05-06 13:12:19'),
(608, 17, '2013-05-06 13:12:21', -17.5637, NULL, '2013-05-06 13:12:21'),
(609, 17, '2013-05-06 13:12:23', 7.06278, NULL, '2013-05-06 13:12:23'),
(610, 17, '2013-05-06 13:12:25', 29.0985, NULL, '2013-05-06 13:12:25'),
(611, 17, '2013-05-06 13:12:27', 39.694, NULL, '2013-05-06 13:12:27'),
(612, 17, '2013-05-06 13:12:29', 34.9427, NULL, '2013-05-06 13:12:29'),
(613, 17, '2013-05-06 13:12:31', 16.6779, NULL, '2013-05-06 13:12:31'),
(614, 17, '2013-05-06 13:12:33', -8.02534, NULL, '2013-05-06 13:12:33'),
(615, 17, '2013-05-06 13:12:35', -29.6359, NULL, '2013-05-06 13:12:35'),
(616, 17, '2013-05-06 13:12:37', -39.7826, NULL, '2013-05-06 13:12:37'),
(617, 17, '2013-05-06 13:12:39', -34.5569, NULL, '2013-05-06 13:12:39'),
(618, 17, '2013-05-06 13:12:41', -15.9666, NULL, '2013-05-06 13:12:41'),
(619, 17, '2013-05-06 13:12:43', 8.78704, NULL, '2013-05-06 13:12:43'),
(620, 17, '2013-05-06 13:12:45', 30.1535, NULL, '2013-05-06 13:12:45'),
(621, 17, '2013-05-06 13:12:47', 39.8562, NULL, '2013-05-06 13:12:47'),
(622, 17, '2013-05-06 13:12:49', 34.158, NULL, '2013-05-06 13:12:49'),
(623, 17, '2013-05-06 13:12:51', 15.2493, NULL, '2013-05-06 13:12:51'),
(624, 17, '2013-05-06 13:12:53', -9.54541, NULL, '2013-05-06 13:12:53'),
(625, 17, '2013-05-06 13:12:55', -30.6597, NULL, '2013-05-06 13:12:55'),
(626, 17, '2013-05-06 13:12:57', -39.9146, NULL, '2013-05-06 13:12:57'),
(627, 17, '2013-05-06 13:13:00', -33.6378, NULL, '2013-05-06 13:13:00'),
(628, 17, '2013-05-06 13:13:02', -14.5261, NULL, '2013-05-06 13:13:02'),
(629, 17, '2013-05-06 13:13:04', 10.3002, NULL, '2013-05-06 13:13:04'),
(630, 17, '2013-05-06 13:13:06', 31.1543, NULL, '2013-05-06 13:13:06'),
(631, 17, '2013-05-06 13:13:08', 39.9666, NULL, '2013-05-06 13:13:08'),
(632, 17, '2013-05-06 13:13:10', 33.2098, NULL, '2013-05-06 13:13:10'),
(633, 17, '2013-05-06 13:13:12', 13.6086, NULL, '2013-05-06 13:13:12'),
(634, 17, '2013-05-06 13:13:14', -11.2441, NULL, '2013-05-06 13:13:14'),
(635, 17, '2013-05-06 13:13:16', -31.752, NULL, '2013-05-06 13:13:16'),
(636, 17, '2013-05-06 13:13:18', -39.9909, NULL, '2013-05-06 13:13:18'),
(637, 17, '2013-05-06 13:13:20', -32.7693, NULL, '2013-05-06 13:13:20'),
(638, 17, '2013-05-06 13:13:22', -12.8734, NULL, '2013-05-06 13:13:22'),
(639, 17, '2013-05-06 13:13:24', 11.9896, NULL, '2013-05-06 13:13:24'),
(640, 17, '2013-05-06 13:13:26', 32.2198, NULL, '2013-05-06 13:13:26'),
(641, 17, '2013-05-06 13:13:28', 39.9999, NULL, '2013-05-06 13:13:28'),
(642, 17, '2013-05-06 13:13:30', 32.3163, NULL, '2013-05-06 13:13:30'),
(643, 17, '2013-05-06 13:13:32', 12.1334, NULL, '2013-05-06 13:13:32'),
(644, 17, '2013-05-06 13:13:34', -12.7306, NULL, '2013-05-06 13:13:34'),
(645, 17, '2013-05-06 13:13:36', -32.6826, NULL, '2013-05-06 13:13:36'),
(646, 17, '2013-05-06 13:13:38', -39.9938, NULL, '2013-05-06 13:13:38'),
(647, 17, '2013-05-06 13:13:40', -31.8511, NULL, '2013-05-06 13:13:40'),
(648, 17, '2013-05-06 13:13:42', -11.2079, NULL, '2013-05-06 13:13:42'),
(649, 17, '2013-05-06 13:13:44', 13.4667, NULL, '2013-05-06 13:13:44'),
(650, 17, '2013-05-06 13:13:46', 33.1255, NULL, '2013-05-06 13:13:46'),
(651, 17, '2013-05-06 13:13:48', 39.9725, NULL, '2013-05-06 13:13:48'),
(652, 17, '2013-05-06 13:13:50', 31.3737, NULL, '2013-05-06 13:13:50'),
(653, 17, '2013-05-06 13:13:52', 10.6397, NULL, '2013-05-06 13:13:52'),
(654, 17, '2013-05-06 13:13:54', -14.1978, NULL, '2013-05-06 13:13:54'),
(655, 17, '2013-05-06 13:13:56', -33.5559, NULL, '2013-05-06 13:13:56'),
(656, 17, '2013-05-06 13:13:58', -39.9361, NULL, '2013-05-06 13:13:58'),
(657, 17, '2013-05-06 13:14:00', -30.8845, NULL, '2013-05-06 13:14:00'),
(658, 17, '2013-05-06 13:14:02', -9.88673, NULL, '2013-05-06 13:14:02'),
(659, 17, '2013-05-06 13:14:04', 14.9234, NULL, '2013-05-06 13:14:04'),
(660, 17, '2013-05-06 13:14:06', 33.9736, NULL, '2013-05-06 13:14:06'),
(661, 17, '2013-05-06 13:14:08', 39.8845, NULL, '2013-05-06 13:14:08'),
(662, 17, '2013-05-06 13:14:10', 30.3754, NULL, '2013-05-06 13:14:10'),
(663, 17, '2013-05-06 13:14:12', 9.12996, NULL, '2013-05-06 13:14:12'),
(664, 17, '2013-05-06 13:14:14', -15.6434, NULL, '2013-05-06 13:14:14'),
(665, 17, '2013-05-06 13:14:16', -34.3784, NULL, '2013-05-06 13:14:16'),
(666, 17, '2013-05-06 13:14:18', -39.8177, NULL, '2013-05-06 13:14:18'),
(667, 17, '2013-05-06 13:14:20', -29.8627, NULL, '2013-05-06 13:14:20'),
(668, 17, '2013-05-06 13:14:22', -8.36972, NULL, '2013-05-06 13:14:22'),
(669, 17, '2013-05-06 13:14:24', 16.3574, NULL, '2013-05-06 13:14:24'),
(670, 17, '2013-05-06 13:14:26', 34.7701, NULL, '2013-05-06 13:14:26'),
(671, 17, '2013-05-06 13:14:28', 39.7359, NULL, '2013-05-06 13:14:28'),
(672, 17, '2013-05-06 13:14:30', 29.3388, NULL, '2013-05-06 13:14:30'),
(673, 17, '2013-05-06 13:14:32', 7.60632, NULL, '2013-05-06 13:14:32'),
(674, 17, '2013-05-06 13:14:34', -17.0766, NULL, '2013-05-06 13:14:34'),
(675, 17, '2013-05-06 13:14:36', -35.1487, NULL, '2013-05-06 13:14:36'),
(676, 17, '2013-05-06 13:14:38', -39.639, NULL, '2013-05-06 13:14:38'),
(677, 17, '2013-05-06 13:14:40', -28.8036, NULL, '2013-05-06 13:14:40'),
(678, 17, '2013-05-06 13:14:42', -6.84002, NULL, '2013-05-06 13:14:42'),
(679, 17, '2013-05-06 13:14:44', 17.7779, NULL, '2013-05-06 13:14:44'),
(680, 17, '2013-05-06 13:14:46', 35.5139, NULL, '2013-05-06 13:14:46'),
(681, 17, '2013-05-06 13:14:48', 39.527, NULL, '2013-05-06 13:14:48'),
(682, 17, '2013-05-06 13:14:50', 28.2576, NULL, '2013-05-06 13:14:50'),
(683, 17, '2013-05-06 13:14:52', 6.07114, NULL, '2013-05-06 13:14:52'),
(684, 17, '2013-05-06 13:14:54', -18.4724, NULL, '2013-05-06 13:14:54'),
(685, 17, '2013-05-06 13:14:56', -35.8656, NULL, '2013-05-06 13:14:56'),
(686, 17, '2013-05-06 13:14:58', -39.4, NULL, '2013-05-06 13:14:58'),
(687, 17, '2013-05-06 13:15:00', -27.7008, NULL, '2013-05-06 13:15:00'),
(688, 17, '2013-05-06 13:15:02', -5.29994, NULL, '2013-05-06 13:15:02'),
(689, 17, '2013-05-06 13:15:04', 19.1599, NULL, '2013-05-06 13:15:04'),
(690, 17, '2013-05-06 13:15:06', 36.2038, NULL, '2013-05-06 13:15:06'),
(691, 17, '2013-05-06 13:15:08', 39.2557, NULL, '2013-05-06 13:15:08'),
(692, 17, '2013-05-06 13:15:10', 27.1336, NULL, '2013-05-06 13:15:10'),
(693, 17, '2013-05-06 13:15:12', 4.32691, NULL, '2013-05-06 13:15:12'),
(694, 17, '2013-05-06 13:15:14', -20.0036, NULL, '2013-05-06 13:15:14'),
(695, 17, '2013-05-06 13:15:16', -36.5282, NULL, '2013-05-06 13:15:16'),
(696, 17, '2013-05-06 13:15:18', -39.0987, NULL, '2013-05-06 13:15:18'),
(697, 17, '2013-05-06 13:15:20', -26.556, NULL, '2013-05-06 13:15:20'),
(698, 17, '2013-05-06 13:15:22', -3.75182, NULL, '2013-05-06 13:15:22'),
(699, 17, '2013-05-06 13:15:24', 20.5129, NULL, '2013-05-06 13:15:24'),
(700, 17, '2013-05-06 13:15:26', 36.8387, NULL, '2013-05-06 13:15:26'),
(701, 17, '2013-05-06 13:15:28', 38.9268, NULL, '2013-05-06 13:15:28'),
(702, 17, '2013-05-06 13:15:30', 25.9684, NULL, '2013-05-06 13:15:30'),
(703, 17, '2013-05-06 13:15:32', 2.77494, NULL, '2013-05-06 13:15:32'),
(704, 17, '2013-05-06 13:15:34', -21.1778, NULL, '2013-05-06 13:15:34'),
(705, 17, '2013-05-06 13:15:36', -37.1353, NULL, '2013-05-06 13:15:36'),
(706, 17, '2013-05-06 13:15:39', -38.7402, NULL, '2013-05-06 13:15:39'),
(707, 17, '2013-05-06 13:15:41', -25.3709, NULL, '2013-05-06 13:15:41'),
(708, 17, '2013-05-06 13:15:43', -2.18546, NULL, '2013-05-06 13:15:43'),
(709, 17, '2013-05-06 13:15:45', 21.8347, NULL, '2013-05-06 13:15:45'),
(710, 17, '2013-05-06 13:15:47', 37.4178, NULL, '2013-05-06 13:15:47');

--
-- Déclencheurs `measurements`
--
DROP TRIGGER IF EXISTS `trigger_measurements`;
DELIMITER //
CREATE TRIGGER `trigger_measurements` AFTER INSERT ON `measurements`
 FOR EACH ROW BEGIN
	DECLARE count INT;
	SELECT COUNT(*) INTO count FROM last_measurements WHERE device_id = NEW.device_id;
	IF count = 0 THEN
		INSERT INTO last_measurements SET 
			device_id = NEW.device_id,
			value = NEW.value, 
			image = NEW.image, 
			datetime = NEW.datetime,
			created_date = NEW.created_date;
	ELSE
		UPDATE last_measurements SET 
			device_id = NEW.device_id,
			value = NEW.value, 
			image = NEW.image, 
			datetime = NEW.datetime,
			created_date = NEW.created_date
			WHERE device_id = NEW.device_id;
	END IF;
END
//
DELIMITER ;

-- --------------------------------------------------------

--
-- Structure de la table `menu`
--

CREATE TABLE IF NOT EXISTS `menu` (
  `id` int(11) NOT NULL AUTO_INCREMENT,
  `ref_id` varchar(128) COLLATE utf8_unicode_ci NOT NULL,
  `title_en` varchar(128) COLLATE utf8_unicode_ci NOT NULL,
  `title_fi` varchar(128) COLLATE utf8_unicode_ci NOT NULL,
  `title_kr` varchar(128) COLLATE utf8_unicode_ci NOT NULL,
  `module_id` int(255) NOT NULL,
  `position` int(11) NOT NULL,
  `status` int(1) NOT NULL,
  `created_date` datetime NOT NULL,
  `created_by` int(11) NOT NULL,
  PRIMARY KEY (`id`)
) ENGINE=InnoDB  DEFAULT CHARSET=utf8 COLLATE=utf8_unicode_ci AUTO_INCREMENT=14 ;

--
-- Contenu de la table `menu`
--

INSERT INTO `menu` (`id`, `ref_id`, `title_en`, `title_fi`, `title_kr`, `module_id`, `position`, `status`, `created_date`, `created_by`) VALUES
(1, '', 'Home', 'Etusivu', '집', 8, 2, 1, '2012-12-14 07:13:43', 50),
(5, '', 'Management', 'Johto', '관리', 7, 5, 1, '2013-01-08 15:30:00', 12),
(6, '', 'Administrator', 'Ylläpitäjä', '관리자', 7, 10, 1, '2013-01-09 08:00:46', 12),
(7, '', 'Monitoring', 'Seuranta', '모니터링', 16, 9, 1, '2013-01-10 08:03:16', 12),
(9, '', 'Analyze', 'Analysoida', '분석하다', 17, 3, 1, '2013-01-22 12:04:53', 12),
(10, '', 'Import measurements', 'Tuo mittaukset', '가져 오기 측정', 18, 7, 1, '2013-01-29 08:21:21', 12),
(12, '', 'Send measurement', 'Lähetä mittaus', '측정을 보내', 21, 6, 1, '2013-02-27 05:26:13', 12),
(13, '', 'Event', '', '', 20, 11, 1, '2013-04-03 08:13:48', 12);

-- --------------------------------------------------------

--
-- Structure de la table `modules`
--

CREATE TABLE IF NOT EXISTS `modules` (
  `module_id` int(11) NOT NULL,
  `position` int(11) NOT NULL,
  `module_name` varchar(30) COLLATE utf8_unicode_ci NOT NULL,
  `link` varchar(255) COLLATE utf8_unicode_ci NOT NULL,
  PRIMARY KEY (`module_id`)
) ENGINE=InnoDB DEFAULT CHARSET=utf8 COLLATE=utf8_unicode_ci;

--
-- Contenu de la table `modules`
--

INSERT INTO `modules` (`module_id`, `position`, `module_name`, `link`) VALUES
(1, 1, 'DEVICES', 'devices'),
(2, 1, 'EMAIL CONFIG', 'email-config'),
(3, 1, 'USERS', 'users'),
(4, 1, 'ROLES', 'roles'),
(5, 1, 'MENU', 'menu'),
(6, 1, 'CMS', 'cms'),
(7, 0, 'EMPTY', '#'),
(8, 1, 'HOME', ''),
(9, 1, 'EMAIL TEMPLATES', 'email-templates'),
(10, 1, 'SITES', 'sites'),
(11, 1, 'ZONES', 'zones'),
(12, 1, 'DEVICES TYPES', 'device-types'),
(13, 1, 'TYPES', 'types'),
(14, 1, 'SUB TYPES', 'sub-types'),
(15, 1, 'SITE SETTING', 'setting'),
(16, 1, 'ORGANISATION', 'organisation'),
(17, 1, 'ANALYZE', 'analyze'),
(18, 1, 'IMPORT MEASUREMENTS', 'import-measurements'),
(19, 1, 'MEASUREMENTS', 'measurements'),
(20, 1, 'EVENTS', 'events'),
(21, 1, 'SEND MEASUREMENT', 'send-measurement'),
(22, 1, 'ALARMS HISTORY', 'alarms-history'),
(23, 1, 'EVENTS SCHEDULE', 'events-schedule'),
(24, 1, 'UNITS', 'units');

-- --------------------------------------------------------

--
-- Structure de la table `roles`
--

CREATE TABLE IF NOT EXISTS `roles` (
  `id` int(11) NOT NULL AUTO_INCREMENT,
  `company_id` int(11) NOT NULL,
  `role_name` varchar(50) COLLATE utf8_unicode_ci NOT NULL,
  `description` varchar(255) COLLATE utf8_unicode_ci NOT NULL,
  `status` int(1) NOT NULL,
  `created_date` datetime NOT NULL,
  `created_by` int(11) DEFAULT NULL,
  PRIMARY KEY (`id`)
) ENGINE=InnoDB  DEFAULT CHARSET=utf8 COLLATE=utf8_unicode_ci AUTO_INCREMENT=25 ;

--
-- Contenu de la table `roles`
--

INSERT INTO `roles` (`id`, `company_id`, `role_name`, `description`, `status`, `created_date`, `created_by`) VALUES
(1, 1, 'Administrator', 'This only for administrator', 1, '2013-01-07 15:03:54', NULL),
(2, 1, 'Viewer', 'This only for administrator', 1, '2013-01-07 15:03:54', NULL),
(3, 2, 'Administrator', 'This only for administrator', 1, '2013-01-07 15:04:31', NULL),
(4, 2, 'Viewer', 'This only for administrator', 1, '2013-01-07 15:04:31', NULL),
(5, 3, 'Administrator', 'This only for administrator', 1, '2013-01-08 08:20:07', NULL),
(6, 3, 'Viewer', 'This only for administrator', 1, '2013-01-08 08:20:07', NULL),
(7, 4, 'Administrator', 'This only for administrator', 1, '2013-01-08 09:36:55', NULL),
(8, 4, 'Viewer', 'This only for administrator', 1, '2013-01-08 09:36:55', NULL),
(9, 5, 'Administrator', 'This only for administrator', 1, '2013-01-08 09:40:58', NULL),
(10, 5, 'Viewer', 'This only for administrator', 1, '2013-01-08 09:40:58', NULL),
(11, 6, 'Administrator', 'This only for administrator', 1, '2013-01-08 10:08:19', NULL),
(12, 6, 'Viewer', 'This only for administrator', 1, '2013-01-08 10:08:19', NULL),
(13, 7, 'Administrator', 'This only for administrator', 1, '2013-01-08 10:09:10', NULL),
(14, 7, 'Viewer', 'This only for administrator', 1, '2013-01-08 10:09:10', NULL),
(15, 8, 'Administrator', 'This only for administrator', 1, '2013-01-08 10:10:20', NULL),
(16, 8, 'Viewer', 'This only for administrator', 1, '2013-01-08 10:10:20', NULL),
(17, 9, 'Administrator', 'This only for administrator', 1, '2013-01-08 11:53:43', NULL),
(18, 9, 'Viewer', 'This only for administrator', 1, '2013-01-08 11:53:43', NULL),
(19, 10, 'Administrator', 'This only for administrator', 1, '2013-01-08 11:54:49', NULL),
(20, 10, 'Viewer', 'This only for administrator', 1, '2013-01-08 11:54:49', NULL),
(21, 11, 'Administrator', 'This only for administrator', 1, '2013-01-08 11:56:38', NULL),
(22, 11, 'Viewer', 'This only for administrator', 1, '2013-01-08 11:56:38', NULL),
(23, 12, 'Administrator', 'This only for administrator', 1, '2013-01-08 13:48:00', NULL),
(24, 12, 'Viewer', 'This only for administrator', 1, '2013-01-08 13:48:00', NULL);

-- --------------------------------------------------------

--
-- Structure de la table `role_4_modules`
--

CREATE TABLE IF NOT EXISTS `role_4_modules` (
  `role_id` int(11) NOT NULL,
  `module_id` int(11) NOT NULL,
  `view` int(1) NOT NULL,
  `insert` int(1) NOT NULL,
  `update` int(1) NOT NULL,
  `delete` int(1) NOT NULL,
  `created_date` datetime NOT NULL,
  `created_by` int(11) DEFAULT NULL,
  PRIMARY KEY (`role_id`,`module_id`)
) ENGINE=InnoDB DEFAULT CHARSET=utf8 COLLATE=utf8_unicode_ci;

--
-- Contenu de la table `role_4_modules`
--

INSERT INTO `role_4_modules` (`role_id`, `module_id`, `view`, `insert`, `update`, `delete`, `created_date`, `created_by`) VALUES
(1, 1, 1, 1, 1, 1, '2013-01-07 15:03:54', NULL),
(1, 2, 1, 1, 1, 1, '2013-01-07 15:03:54', NULL),
(1, 3, 1, 1, 1, 1, '2013-01-07 15:03:54', NULL),
(1, 4, 1, 1, 1, 1, '2013-01-07 15:03:54', NULL),
(1, 5, 1, 1, 1, 1, '2013-01-07 15:03:54', NULL),
(1, 6, 1, 1, 1, 1, '2013-01-07 15:03:54', NULL),
(1, 7, 1, 1, 1, 1, '2013-01-07 15:03:54', NULL),
(1, 8, 1, 1, 1, 1, '2013-01-07 15:03:54', NULL),
(1, 9, 1, 1, 1, 1, '2013-01-07 15:03:54', NULL),
(1, 10, 1, 1, 1, 1, '2013-01-07 15:03:54', NULL),
(1, 11, 1, 1, 1, 1, '2013-01-07 15:03:54', NULL),
(1, 12, 1, 1, 1, 1, '2013-01-07 15:03:54', NULL),
(1, 13, 1, 1, 1, 1, '2013-01-07 15:03:54', NULL),
(1, 14, 1, 1, 1, 1, '2013-01-07 15:03:54', NULL),
(1, 15, 0, 0, 0, 0, '2013-01-07 15:35:34', 1),
(1, 16, 0, 0, 0, 0, '2013-01-07 15:35:34', 1),
(1, 17, 1, 1, 1, 1, '2013-01-07 15:03:54', NULL),
(1, 18, 1, 1, 1, 1, '2013-01-07 15:35:34', 1),
(2, 1, 1, 0, 0, 0, '2013-01-07 15:03:54', NULL),
(2, 2, 1, 0, 0, 0, '2013-01-07 15:03:54', NULL),
(2, 3, 1, 0, 0, 0, '2013-01-07 15:03:54', NULL),
(2, 4, 1, 0, 0, 0, '2013-01-07 15:03:54', NULL),
(2, 5, 1, 0, 0, 0, '2013-01-07 15:03:54', NULL),
(2, 6, 1, 0, 0, 0, '2013-01-07 15:03:54', NULL),
(2, 7, 1, 0, 0, 0, '2013-01-07 15:03:54', NULL),
(2, 8, 1, 0, 0, 0, '2013-01-07 15:03:54', NULL),
(2, 9, 1, 0, 0, 0, '2013-01-07 15:03:54', NULL),
(2, 10, 1, 0, 0, 0, '2013-01-07 15:03:54', NULL),
(2, 11, 1, 0, 0, 0, '2013-01-07 15:03:54', NULL),
(2, 12, 1, 0, 0, 0, '2013-01-07 15:03:54', NULL),
(2, 13, 1, 0, 0, 0, '2013-01-07 15:03:54', NULL),
(2, 14, 1, 0, 0, 0, '2013-01-07 15:03:54', NULL),
(2, 17, 1, 0, 0, 0, '2013-01-07 15:03:54', NULL),
(3, 1, 1, 1, 1, 1, '2013-01-07 15:04:31', NULL),
(3, 2, 1, 1, 1, 1, '2013-01-07 15:04:31', NULL),
(3, 3, 1, 1, 1, 1, '2013-01-07 15:04:31', NULL),
(3, 4, 1, 1, 1, 1, '2013-01-07 15:04:31', NULL),
(3, 5, 1, 1, 1, 1, '2013-01-07 15:04:31', NULL),
(3, 6, 1, 1, 1, 1, '2013-01-07 15:04:31', NULL),
(3, 7, 1, 1, 1, 1, '2013-01-07 15:04:31', NULL),
(3, 8, 1, 1, 1, 1, '2013-01-07 15:04:31', NULL),
(3, 9, 1, 1, 1, 1, '2013-01-07 15:04:31', NULL),
(3, 10, 1, 1, 1, 1, '2013-01-07 15:04:31', NULL),
(3, 11, 1, 1, 1, 1, '2013-01-07 15:04:31', NULL),
(3, 12, 1, 1, 1, 1, '2013-01-07 15:04:31', NULL),
(3, 13, 1, 1, 1, 1, '2013-01-07 15:04:31', NULL),
(3, 14, 1, 1, 1, 1, '2013-01-07 15:04:31', NULL),
(3, 17, 1, 1, 1, 1, '2013-01-07 15:04:31', NULL),
(4, 1, 1, 0, 0, 0, '2013-01-07 15:04:31', NULL),
(4, 2, 1, 0, 0, 0, '2013-01-07 15:04:31', NULL),
(4, 3, 1, 0, 0, 0, '2013-01-07 15:04:31', NULL),
(4, 4, 1, 0, 0, 0, '2013-01-07 15:04:31', NULL),
(4, 5, 1, 0, 0, 0, '2013-01-07 15:04:31', NULL),
(4, 6, 1, 0, 0, 0, '2013-01-07 15:04:31', NULL),
(4, 7, 1, 0, 0, 0, '2013-01-07 15:04:31', NULL),
(4, 8, 1, 0, 0, 0, '2013-01-07 15:04:31', NULL),
(4, 9, 1, 0, 0, 0, '2013-01-07 15:04:31', NULL),
(4, 10, 1, 0, 0, 0, '2013-01-07 15:04:31', NULL),
(4, 11, 1, 0, 0, 0, '2013-01-07 15:04:31', NULL),
(4, 12, 1, 0, 0, 0, '2013-01-07 15:04:31', NULL),
(4, 13, 1, 0, 0, 0, '2013-01-07 15:04:31', NULL),
(4, 14, 1, 0, 0, 0, '2013-01-07 15:04:31', NULL),
(4, 17, 1, 0, 0, 0, '2013-01-07 15:04:31', NULL),
(5, 1, 1, 1, 1, 1, '2013-01-08 08:20:07', NULL),
(5, 2, 1, 1, 1, 1, '2013-01-08 08:20:07', NULL),
(5, 3, 1, 1, 1, 1, '2013-01-08 08:20:07', NULL),
(5, 4, 1, 1, 1, 1, '2013-01-08 08:20:07', NULL),
(5, 5, 1, 1, 1, 1, '2013-01-08 08:20:07', NULL),
(5, 6, 1, 1, 1, 1, '2013-01-08 08:20:07', NULL),
(5, 7, 1, 1, 1, 1, '2013-01-08 08:20:07', NULL),
(5, 8, 1, 1, 1, 1, '2013-01-08 08:20:07', NULL),
(5, 9, 1, 1, 1, 1, '2013-01-08 08:20:07', NULL),
(5, 10, 1, 1, 1, 1, '2013-01-08 08:20:07', NULL),
(5, 11, 1, 1, 1, 1, '2013-01-08 08:20:07', NULL),
(5, 12, 1, 1, 1, 1, '2013-01-08 08:20:07', NULL),
(5, 13, 1, 1, 1, 1, '2013-01-08 08:20:07', NULL),
(5, 14, 1, 1, 1, 1, '2013-01-08 08:20:07', NULL),
(5, 17, 1, 1, 1, 1, '2013-01-08 08:20:07', NULL),
(5, 18, 1, 1, 1, 1, '2013-01-08 08:20:07', NULL),
(6, 1, 1, 0, 0, 0, '2013-01-08 08:20:07', NULL),
(6, 2, 1, 0, 0, 0, '2013-01-08 08:20:07', NULL),
(6, 3, 1, 0, 0, 0, '2013-01-08 08:20:07', NULL),
(6, 4, 1, 0, 0, 0, '2013-01-08 08:20:07', NULL),
(6, 5, 1, 0, 0, 0, '2013-01-08 08:20:07', NULL),
(6, 6, 1, 0, 0, 0, '2013-01-08 08:20:07', NULL),
(6, 7, 1, 0, 0, 0, '2013-01-08 08:20:07', NULL),
(6, 8, 1, 0, 0, 0, '2013-01-08 08:20:07', NULL),
(6, 9, 1, 0, 0, 0, '2013-01-08 08:20:07', NULL),
(6, 10, 1, 0, 0, 0, '2013-01-08 08:20:07', NULL),
(6, 11, 1, 0, 0, 0, '2013-01-08 08:20:07', NULL),
(6, 12, 1, 0, 0, 0, '2013-01-08 08:20:07', NULL),
(6, 13, 1, 0, 0, 0, '2013-01-08 08:20:07', NULL),
(6, 14, 1, 0, 0, 0, '2013-01-08 08:20:07', NULL),
(6, 17, 1, 0, 0, 0, '2013-01-08 08:20:07', NULL),
(6, 18, 1, 0, 0, 0, '2013-01-08 08:20:07', NULL),
(7, 1, 1, 1, 1, 1, '2013-01-08 09:36:55', NULL),
(7, 2, 1, 1, 1, 1, '2013-01-08 09:36:55', NULL),
(7, 3, 1, 1, 1, 1, '2013-01-08 09:36:55', NULL),
(7, 4, 1, 1, 1, 1, '2013-01-08 09:36:55', NULL),
(7, 5, 1, 1, 1, 1, '2013-01-08 09:36:55', NULL),
(7, 6, 1, 1, 1, 1, '2013-01-08 09:36:55', NULL),
(7, 7, 1, 1, 1, 1, '2013-01-08 09:36:55', NULL),
(7, 8, 1, 1, 1, 1, '2013-01-08 09:36:55', NULL),
(7, 9, 1, 1, 1, 1, '2013-01-08 09:36:55', NULL),
(7, 10, 1, 1, 1, 1, '2013-01-08 09:36:55', NULL),
(7, 11, 1, 1, 1, 1, '2013-01-08 09:36:55', NULL),
(7, 12, 1, 1, 1, 1, '2013-01-08 09:36:55', NULL),
(7, 13, 1, 1, 1, 1, '2013-01-08 09:36:55', NULL),
(7, 14, 1, 1, 1, 1, '2013-01-08 09:36:55', NULL),
(7, 17, 1, 1, 1, 1, '2013-01-08 09:36:55', NULL),
(7, 18, 1, 1, 1, 1, '2013-01-08 09:36:55', NULL),
(8, 1, 1, 0, 0, 0, '2013-01-08 09:36:55', NULL),
(8, 2, 1, 0, 0, 0, '2013-01-08 09:36:55', NULL),
(8, 3, 1, 0, 0, 0, '2013-01-08 09:36:55', NULL),
(8, 4, 1, 0, 0, 0, '2013-01-08 09:36:55', NULL),
(8, 5, 1, 0, 0, 0, '2013-01-08 09:36:55', NULL),
(8, 6, 1, 0, 0, 0, '2013-01-08 09:36:55', NULL),
(8, 7, 1, 0, 0, 0, '2013-01-08 09:36:55', NULL),
(8, 8, 1, 0, 0, 0, '2013-01-08 09:36:55', NULL),
(8, 9, 1, 0, 0, 0, '2013-01-08 09:36:55', NULL),
(8, 10, 1, 0, 0, 0, '2013-01-08 09:36:55', NULL),
(8, 11, 1, 0, 0, 0, '2013-01-08 09:36:55', NULL),
(8, 12, 1, 0, 0, 0, '2013-01-08 09:36:55', NULL),
(8, 13, 1, 0, 0, 0, '2013-01-08 09:36:55', NULL),
(8, 14, 1, 0, 0, 0, '2013-01-08 09:36:55', NULL),
(8, 17, 1, 0, 0, 0, '2013-01-08 09:36:55', NULL),
(8, 18, 1, 0, 0, 0, '2013-01-08 09:36:55', NULL),
(9, 1, 1, 1, 1, 1, '2013-01-08 09:40:58', NULL),
(9, 2, 1, 1, 1, 1, '2013-01-08 09:40:58', NULL),
(9, 3, 1, 1, 1, 1, '2013-01-08 09:40:58', NULL),
(9, 4, 1, 1, 1, 1, '2013-01-08 09:40:58', NULL),
(9, 5, 1, 1, 1, 1, '2013-01-08 09:40:58', NULL),
(9, 6, 1, 1, 1, 1, '2013-01-08 09:40:58', NULL),
(9, 7, 1, 1, 1, 1, '2013-01-08 09:40:58', NULL),
(9, 8, 1, 1, 1, 1, '2013-01-08 09:40:58', NULL),
(9, 9, 1, 1, 1, 1, '2013-01-08 09:40:58', NULL),
(9, 10, 1, 1, 1, 1, '2013-01-08 09:40:58', NULL),
(9, 11, 1, 1, 1, 1, '2013-01-08 09:40:58', NULL),
(9, 12, 1, 1, 1, 1, '2013-01-08 09:40:58', NULL),
(9, 13, 1, 1, 1, 1, '2013-01-08 09:40:58', NULL),
(9, 14, 1, 1, 1, 1, '2013-01-08 09:40:58', NULL),
(9, 17, 1, 1, 1, 1, '2013-01-08 09:40:58', NULL),
(9, 18, 1, 1, 1, 1, '2013-01-08 09:40:58', NULL),
(10, 1, 1, 0, 0, 0, '2013-01-08 09:40:58', NULL),
(10, 2, 1, 0, 0, 0, '2013-01-08 09:40:58', NULL),
(10, 3, 1, 0, 0, 0, '2013-01-08 09:40:58', NULL),
(10, 4, 1, 0, 0, 0, '2013-01-08 09:40:58', NULL),
(10, 5, 1, 0, 0, 0, '2013-01-08 09:40:58', NULL),
(10, 6, 1, 0, 0, 0, '2013-01-08 09:40:58', NULL),
(10, 7, 1, 0, 0, 0, '2013-01-08 09:40:58', NULL),
(10, 8, 1, 0, 0, 0, '2013-01-08 09:40:58', NULL),
(10, 9, 1, 0, 0, 0, '2013-01-08 09:40:58', NULL),
(10, 10, 1, 0, 0, 0, '2013-01-08 09:40:58', NULL),
(10, 11, 1, 0, 0, 0, '2013-01-08 09:40:58', NULL),
(10, 12, 1, 0, 0, 0, '2013-01-08 09:40:58', NULL),
(10, 13, 1, 0, 0, 0, '2013-01-08 09:40:58', NULL),
(10, 14, 1, 0, 0, 0, '2013-01-08 09:40:58', NULL),
(10, 17, 1, 0, 0, 0, '2013-01-08 09:40:58', NULL),
(10, 18, 1, 0, 0, 0, '2013-01-08 09:40:58', NULL),
(11, 1, 1, 1, 1, 1, '2013-01-08 10:08:19', NULL),
(11, 2, 1, 1, 1, 1, '2013-01-08 10:08:19', NULL),
(11, 3, 1, 1, 1, 1, '2013-01-08 10:08:19', NULL),
(11, 4, 1, 1, 1, 1, '2013-01-08 10:08:19', NULL),
(11, 5, 1, 1, 1, 1, '2013-01-08 10:08:19', NULL),
(11, 6, 1, 1, 1, 1, '2013-01-08 10:08:19', NULL),
(11, 7, 1, 1, 1, 1, '2013-01-08 10:08:19', NULL),
(11, 8, 1, 1, 1, 1, '2013-01-08 10:08:19', NULL),
(11, 9, 1, 1, 1, 1, '2013-01-08 10:08:19', NULL),
(11, 10, 1, 1, 1, 1, '2013-01-08 10:08:19', NULL),
(11, 11, 1, 1, 1, 1, '2013-01-08 10:08:19', NULL),
(11, 12, 1, 1, 1, 1, '2013-01-08 10:08:19', NULL),
(11, 13, 1, 1, 1, 1, '2013-01-08 10:08:19', NULL),
(11, 14, 1, 1, 1, 1, '2013-01-08 10:08:19', NULL),
(11, 17, 1, 1, 1, 1, '2013-01-08 10:08:19', NULL),
(11, 18, 1, 1, 1, 1, '2013-01-08 10:08:19', NULL),
(12, 1, 1, 0, 0, 0, '2013-01-08 10:08:19', NULL),
(12, 2, 1, 0, 0, 0, '2013-01-08 10:08:19', NULL),
(12, 3, 1, 0, 0, 0, '2013-01-08 10:08:19', NULL),
(12, 4, 1, 0, 0, 0, '2013-01-08 10:08:19', NULL),
(12, 5, 1, 0, 0, 0, '2013-01-08 10:08:19', NULL),
(12, 6, 1, 0, 0, 0, '2013-01-08 10:08:19', NULL),
(12, 7, 1, 0, 0, 0, '2013-01-08 10:08:19', NULL),
(12, 8, 1, 0, 0, 0, '2013-01-08 10:08:19', NULL),
(12, 9, 1, 0, 0, 0, '2013-01-08 10:08:19', NULL),
(12, 10, 1, 0, 0, 0, '2013-01-08 10:08:19', NULL),
(12, 11, 1, 0, 0, 0, '2013-01-08 10:08:19', NULL),
(12, 12, 1, 0, 0, 0, '2013-01-08 10:08:19', NULL),
(12, 13, 1, 0, 0, 0, '2013-01-08 10:08:19', NULL),
(12, 14, 1, 0, 0, 0, '2013-01-08 10:08:19', NULL),
(12, 17, 1, 0, 0, 0, '2013-01-08 10:08:19', NULL),
(12, 18, 1, 0, 0, 0, '2013-01-08 10:08:19', NULL),
(13, 1, 1, 1, 1, 1, '2013-01-08 10:09:10', NULL),
(13, 2, 1, 1, 1, 1, '2013-01-08 10:09:10', NULL),
(13, 3, 1, 1, 1, 1, '2013-01-08 10:09:10', NULL),
(13, 4, 1, 1, 1, 1, '2013-01-08 10:09:10', NULL),
(13, 5, 1, 1, 1, 1, '2013-01-08 10:09:10', NULL),
(13, 6, 1, 1, 1, 1, '2013-01-08 10:09:10', NULL),
(13, 7, 1, 1, 1, 1, '2013-01-08 10:09:10', NULL),
(13, 8, 1, 1, 1, 1, '2013-01-08 10:09:10', NULL),
(13, 9, 1, 1, 1, 1, '2013-01-08 10:09:10', NULL),
(13, 10, 1, 1, 1, 1, '2013-01-08 10:09:10', NULL),
(13, 11, 1, 1, 1, 1, '2013-01-08 10:09:10', NULL),
(13, 12, 1, 1, 1, 1, '2013-01-08 10:09:10', NULL),
(13, 13, 1, 1, 1, 1, '2013-01-08 10:09:10', NULL),
(13, 14, 1, 1, 1, 1, '2013-01-08 10:09:10', NULL),
(13, 17, 1, 1, 1, 1, '2013-01-08 10:09:10', NULL),
(13, 18, 1, 1, 1, 1, '2013-01-08 10:09:10', NULL),
(14, 1, 1, 0, 0, 0, '2013-01-08 10:09:10', NULL),
(14, 2, 1, 0, 0, 0, '2013-01-08 10:09:10', NULL),
(14, 3, 1, 0, 0, 0, '2013-01-08 10:09:10', NULL),
(14, 4, 1, 0, 0, 0, '2013-01-08 10:09:10', NULL),
(14, 5, 1, 0, 0, 0, '2013-01-08 10:09:10', NULL),
(14, 6, 1, 0, 0, 0, '2013-01-08 10:09:10', NULL),
(14, 7, 1, 0, 0, 0, '2013-01-08 10:09:10', NULL),
(14, 8, 1, 0, 0, 0, '2013-01-08 10:09:10', NULL),
(14, 9, 1, 0, 0, 0, '2013-01-08 10:09:10', NULL),
(14, 10, 1, 0, 0, 0, '2013-01-08 10:09:10', NULL),
(14, 11, 1, 0, 0, 0, '2013-01-08 10:09:10', NULL),
(14, 12, 1, 0, 0, 0, '2013-01-08 10:09:10', NULL),
(14, 13, 1, 0, 0, 0, '2013-01-08 10:09:10', NULL),
(14, 14, 1, 0, 0, 0, '2013-01-08 10:09:10', NULL),
(14, 17, 1, 0, 0, 0, '2013-01-08 10:09:10', NULL),
(14, 18, 1, 0, 0, 0, '2013-01-08 10:09:10', NULL),
(15, 1, 1, 1, 1, 1, '2013-01-08 10:10:20', NULL),
(15, 2, 1, 1, 1, 1, '2013-01-08 10:10:20', NULL),
(15, 3, 1, 1, 1, 1, '2013-01-08 10:10:20', NULL),
(15, 4, 1, 1, 1, 1, '2013-01-08 10:10:20', NULL),
(15, 5, 1, 1, 1, 1, '2013-01-08 10:10:20', NULL),
(15, 6, 1, 1, 1, 1, '2013-01-08 10:10:20', NULL),
(15, 7, 1, 1, 1, 1, '2013-01-08 10:10:20', NULL),
(15, 8, 1, 1, 1, 1, '2013-01-08 10:10:20', NULL),
(15, 9, 1, 1, 1, 1, '2013-01-08 10:10:20', NULL),
(15, 10, 1, 1, 1, 1, '2013-01-08 10:10:20', NULL),
(15, 11, 1, 1, 1, 1, '2013-01-08 10:10:20', NULL),
(15, 12, 1, 1, 1, 1, '2013-01-08 10:10:20', NULL),
(15, 13, 1, 1, 1, 1, '2013-01-08 10:10:20', NULL),
(15, 14, 1, 1, 1, 1, '2013-01-08 10:10:20', NULL),
(15, 17, 1, 1, 1, 1, '2013-01-08 10:10:20', NULL),
(15, 18, 1, 1, 1, 1, '2013-01-08 10:10:20', NULL),
(16, 1, 1, 0, 0, 0, '2013-01-08 10:10:20', NULL),
(16, 2, 1, 0, 0, 0, '2013-01-08 10:10:20', NULL),
(16, 3, 1, 0, 0, 0, '2013-01-08 10:10:20', NULL),
(16, 4, 1, 0, 0, 0, '2013-01-08 10:10:20', NULL),
(16, 5, 1, 0, 0, 0, '2013-01-08 10:10:20', NULL),
(16, 6, 1, 0, 0, 0, '2013-01-08 10:10:20', NULL),
(16, 7, 1, 0, 0, 0, '2013-01-08 10:10:20', NULL),
(16, 8, 1, 0, 0, 0, '2013-01-08 10:10:20', NULL),
(16, 9, 1, 0, 0, 0, '2013-01-08 10:10:20', NULL),
(16, 10, 1, 0, 0, 0, '2013-01-08 10:10:20', NULL),
(16, 11, 1, 0, 0, 0, '2013-01-08 10:10:20', NULL),
(16, 12, 1, 0, 0, 0, '2013-01-08 10:10:20', NULL),
(16, 13, 1, 0, 0, 0, '2013-01-08 10:10:20', NULL),
(16, 14, 1, 0, 0, 0, '2013-01-08 10:10:20', NULL),
(16, 17, 1, 0, 0, 0, '2013-01-08 10:10:20', NULL),
(16, 18, 1, 0, 0, 0, '2013-01-08 10:10:20', NULL),
(17, 1, 1, 1, 1, 1, '2013-01-08 11:53:43', NULL),
(17, 2, 1, 1, 1, 1, '2013-01-08 11:53:43', NULL),
(17, 3, 1, 1, 1, 1, '2013-01-08 11:53:43', NULL),
(17, 4, 1, 1, 1, 1, '2013-01-08 11:53:43', NULL),
(17, 5, 1, 1, 1, 1, '2013-01-08 11:53:43', NULL),
(17, 6, 1, 1, 1, 1, '2013-01-08 11:53:43', NULL),
(17, 7, 1, 1, 1, 1, '2013-01-08 11:53:43', NULL),
(17, 8, 1, 1, 1, 1, '2013-01-08 11:53:43', NULL),
(17, 9, 1, 1, 1, 1, '2013-01-08 11:53:43', NULL),
(17, 10, 1, 1, 1, 1, '2013-01-08 11:53:43', NULL),
(17, 11, 1, 1, 1, 1, '2013-01-08 11:53:43', NULL),
(17, 12, 1, 1, 1, 1, '2013-01-08 11:53:43', NULL),
(17, 13, 1, 1, 1, 1, '2013-01-08 11:53:43', NULL),
(17, 14, 1, 1, 1, 1, '2013-01-08 11:53:43', NULL),
(17, 17, 1, 1, 1, 1, '2013-01-08 11:53:43', NULL),
(17, 18, 1, 1, 1, 1, '2013-01-08 11:53:43', NULL),
(18, 1, 1, 0, 0, 0, '2013-01-08 11:53:43', NULL),
(18, 2, 1, 0, 0, 0, '2013-01-08 11:53:43', NULL),
(18, 3, 1, 0, 0, 0, '2013-01-08 11:53:43', NULL),
(18, 4, 1, 0, 0, 0, '2013-01-08 11:53:43', NULL),
(18, 5, 1, 0, 0, 0, '2013-01-08 11:53:43', NULL),
(18, 6, 1, 0, 0, 0, '2013-01-08 11:53:43', NULL),
(18, 7, 1, 0, 0, 0, '2013-01-08 11:53:43', NULL),
(18, 8, 1, 0, 0, 0, '2013-01-08 11:53:43', NULL),
(18, 9, 1, 0, 0, 0, '2013-01-08 11:53:43', NULL),
(18, 10, 1, 0, 0, 0, '2013-01-08 11:53:43', NULL),
(18, 11, 1, 0, 0, 0, '2013-01-08 11:53:43', NULL),
(18, 12, 1, 0, 0, 0, '2013-01-08 11:53:43', NULL),
(18, 13, 1, 0, 0, 0, '2013-01-08 11:53:43', NULL),
(18, 14, 1, 0, 0, 0, '2013-01-08 11:53:43', NULL),
(18, 17, 1, 0, 0, 0, '2013-01-08 11:53:43', NULL),
(18, 18, 1, 0, 0, 0, '2013-01-08 11:53:43', NULL),
(19, 1, 1, 1, 1, 1, '2013-01-08 11:54:49', NULL),
(19, 2, 1, 1, 1, 1, '2013-01-08 11:54:49', NULL),
(19, 3, 1, 1, 1, 1, '2013-01-08 11:54:49', NULL),
(19, 4, 1, 1, 1, 1, '2013-01-08 11:54:49', NULL),
(19, 5, 1, 1, 1, 1, '2013-01-08 11:54:49', NULL),
(19, 6, 1, 1, 1, 1, '2013-01-08 11:54:49', NULL),
(19, 7, 1, 1, 1, 1, '2013-01-08 11:54:49', NULL),
(19, 8, 1, 1, 1, 1, '2013-01-08 11:54:49', NULL),
(19, 9, 1, 1, 1, 1, '2013-01-08 11:54:49', NULL),
(19, 10, 1, 1, 1, 1, '2013-01-08 11:54:49', NULL),
(19, 11, 1, 1, 1, 1, '2013-01-08 11:54:49', NULL),
(19, 12, 1, 1, 1, 1, '2013-01-08 11:54:49', NULL),
(19, 13, 1, 1, 1, 1, '2013-01-08 11:54:49', NULL),
(19, 14, 1, 1, 1, 1, '2013-01-08 11:54:49', NULL),
(19, 17, 1, 1, 1, 1, '2013-01-08 11:54:49', NULL),
(19, 18, 1, 1, 1, 1, '2013-01-08 11:54:49', NULL),
(20, 1, 1, 0, 0, 0, '2013-01-08 11:54:49', NULL),
(20, 2, 1, 0, 0, 0, '2013-01-08 11:54:49', NULL),
(20, 3, 1, 0, 0, 0, '2013-01-08 11:54:49', NULL),
(20, 4, 1, 0, 0, 0, '2013-01-08 11:54:49', NULL),
(20, 5, 1, 0, 0, 0, '2013-01-08 11:54:49', NULL),
(20, 6, 1, 0, 0, 0, '2013-01-08 11:54:49', NULL),
(20, 7, 1, 0, 0, 0, '2013-01-08 11:54:49', NULL),
(20, 8, 1, 0, 0, 0, '2013-01-08 11:54:49', NULL),
(20, 9, 1, 0, 0, 0, '2013-01-08 11:54:49', NULL),
(20, 10, 1, 0, 0, 0, '2013-01-08 11:54:49', NULL),
(20, 11, 1, 0, 0, 0, '2013-01-08 11:54:49', NULL),
(20, 12, 1, 0, 0, 0, '2013-01-08 11:54:49', NULL),
(20, 13, 1, 0, 0, 0, '2013-01-08 11:54:49', NULL),
(20, 14, 1, 0, 0, 0, '2013-01-08 11:54:49', NULL),
(20, 17, 1, 0, 0, 0, '2013-01-08 11:54:49', NULL),
(20, 18, 1, 0, 0, 0, '2013-01-08 11:54:49', NULL),
(21, 1, 1, 1, 1, 1, '2013-01-08 11:56:38', NULL),
(21, 2, 1, 1, 1, 1, '2013-01-08 11:56:38', NULL),
(21, 3, 1, 1, 1, 1, '2013-01-08 11:56:38', NULL),
(21, 4, 1, 1, 1, 1, '2013-01-08 11:56:38', NULL),
(21, 5, 1, 1, 1, 1, '2013-01-08 11:56:38', NULL),
(21, 6, 1, 1, 1, 1, '2013-01-08 11:56:38', NULL),
(21, 7, 1, 1, 1, 1, '2013-01-08 11:56:38', NULL),
(21, 8, 1, 1, 1, 1, '2013-01-08 11:56:38', NULL),
(21, 9, 1, 1, 1, 1, '2013-01-08 11:56:38', NULL),
(21, 10, 1, 1, 1, 1, '2013-01-08 11:56:38', NULL),
(21, 11, 1, 1, 1, 1, '2013-01-08 11:56:38', NULL),
(21, 12, 1, 1, 1, 1, '2013-01-08 11:56:38', NULL),
(21, 13, 1, 1, 1, 1, '2013-01-08 11:56:38', NULL),
(21, 14, 1, 1, 1, 1, '2013-01-08 11:56:38', NULL),
(21, 17, 1, 1, 1, 1, '2013-01-08 11:56:38', NULL),
(21, 18, 1, 1, 1, 1, '2013-01-08 11:56:38', NULL),
(22, 1, 1, 0, 0, 0, '2013-01-08 11:56:38', NULL),
(22, 2, 1, 0, 0, 0, '2013-01-08 11:56:38', NULL),
(22, 3, 1, 0, 0, 0, '2013-01-08 11:56:38', NULL),
(22, 4, 1, 0, 0, 0, '2013-01-08 11:56:38', NULL),
(22, 5, 1, 0, 0, 0, '2013-01-08 11:56:38', NULL),
(22, 6, 1, 0, 0, 0, '2013-01-08 11:56:38', NULL),
(22, 7, 1, 0, 0, 0, '2013-01-08 11:56:38', NULL),
(22, 8, 1, 0, 0, 0, '2013-01-08 11:56:38', NULL),
(22, 9, 1, 0, 0, 0, '2013-01-08 11:56:38', NULL),
(22, 10, 1, 0, 0, 0, '2013-01-08 11:56:38', NULL),
(22, 11, 1, 0, 0, 0, '2013-01-08 11:56:38', NULL),
(22, 12, 1, 0, 0, 0, '2013-01-08 11:56:38', NULL),
(22, 13, 1, 0, 0, 0, '2013-01-08 11:56:38', NULL),
(22, 14, 1, 0, 0, 0, '2013-01-08 11:56:38', NULL),
(22, 17, 1, 0, 0, 0, '2013-01-08 11:56:38', NULL),
(22, 18, 1, 0, 0, 0, '2013-01-08 11:56:38', NULL),
(23, 1, 1, 1, 1, 1, '2013-01-08 13:48:00', NULL),
(23, 2, 1, 1, 1, 1, '2013-01-08 13:48:00', NULL),
(23, 3, 1, 1, 1, 1, '2013-01-08 13:48:00', NULL),
(23, 4, 1, 1, 1, 1, '2013-01-08 13:48:00', NULL),
(23, 5, 1, 1, 1, 1, '2013-01-08 13:48:00', NULL),
(23, 6, 1, 1, 1, 1, '2013-01-08 13:48:00', NULL),
(23, 7, 0, 0, 0, 0, '2013-01-08 13:48:00', NULL),
(23, 8, 0, 0, 0, 0, '2013-01-08 13:48:00', NULL),
(23, 9, 1, 1, 1, 1, '2013-01-08 13:48:00', NULL),
(23, 10, 1, 1, 1, 1, '2013-01-08 13:48:00', NULL),
(23, 11, 1, 1, 1, 1, '2013-01-08 13:48:00', NULL),
(23, 12, 1, 1, 1, 1, '2013-01-08 13:48:00', NULL),
(23, 13, 1, 1, 1, 1, '2013-01-08 13:48:00', NULL),
(23, 14, 1, 1, 1, 1, '2013-01-08 13:48:00', NULL),
(23, 15, 1, 1, 1, 1, '2013-01-09 08:43:14', 12),
(23, 16, 1, 1, 1, 1, '2013-01-10 08:05:24', 12),
(23, 17, 1, 1, 1, 1, '2013-01-08 13:48:00', NULL),
(23, 18, 1, 1, 1, 1, '2013-01-08 13:48:00', NULL),
(23, 19, 1, 1, 1, 1, '2013-01-29 17:46:23', 12),
(23, 20, 1, 1, 1, 1, '2013-02-25 09:59:30', 12),
(23, 21, 1, 1, 1, 1, '2013-02-27 05:27:26', 12),
(23, 22, 1, 1, 1, 1, '2013-02-28 11:11:15', 12),
(23, 23, 1, 1, 1, 1, '2013-03-04 07:13:03', 12),
(23, 24, 1, 1, 1, 1, '2013-03-19 11:43:19', 12),
(24, 1, 1, 0, 0, 0, '2013-01-08 13:48:00', NULL),
(24, 2, 1, 0, 0, 0, '2013-01-08 13:48:00', NULL),
(24, 3, 1, 0, 0, 0, '2013-01-08 13:48:00', NULL),
(24, 4, 1, 0, 0, 0, '2013-01-08 13:48:00', NULL),
(24, 5, 1, 0, 0, 0, '2013-01-08 13:48:00', NULL),
(24, 6, 1, 0, 0, 0, '2013-01-08 13:48:00', NULL),
(24, 7, 0, 0, 0, 0, '2013-01-08 13:48:00', NULL),
(24, 8, 0, 0, 0, 0, '2013-01-08 13:48:00', NULL),
(24, 9, 1, 0, 0, 0, '2013-01-08 13:48:00', NULL),
(24, 10, 1, 0, 0, 0, '2013-01-08 13:48:00', NULL),
(24, 11, 1, 0, 0, 0, '2013-01-08 13:48:00', NULL),
(24, 12, 1, 0, 0, 0, '2013-01-08 13:48:00', NULL),
(24, 13, 1, 0, 0, 0, '2013-01-08 13:48:00', NULL),
(24, 14, 1, 0, 0, 0, '2013-01-08 13:48:00', NULL),
(24, 15, 0, 0, 0, 0, '2013-01-09 18:54:27', 12),
(24, 17, 1, 0, 0, 0, '2013-01-08 13:48:00', NULL),
(24, 18, 1, 0, 0, 0, '2013-01-08 13:48:00', NULL);

-- --------------------------------------------------------

--
-- Structure de la table `sites`
--

CREATE TABLE IF NOT EXISTS `sites` (
  `id` int(11) NOT NULL AUTO_INCREMENT,
  `company_id` int(11) NOT NULL,
  `site_name` varchar(255) COLLATE utf8_unicode_ci NOT NULL,
  `square` float NOT NULL,
  `description` text COLLATE utf8_unicode_ci NOT NULL,
  `status` int(1) NOT NULL,
  `created_date` datetime NOT NULL,
  `created_by` int(11) NOT NULL,
  PRIMARY KEY (`id`)
) ENGINE=InnoDB  DEFAULT CHARSET=utf8 COLLATE=utf8_unicode_ci AUTO_INCREMENT=9 ;

--
-- Contenu de la table `sites`
--

INSERT INTO `sites` (`id`, `company_id`, `site_name`, `square`, `description`, `status`, `created_date`, `created_by`) VALUES
(4, 12, 'Site 1', 123, 'This is site 1', 1, '2013-01-08 16:22:21', 12),
(6, 12, 'Site 2', 0, 'This is site 2', 1, '2013-01-08 17:22:23', 12),
(7, 12, 'Site 3', 0, 'Site 3 info', 1, '2013-01-22 11:02:20', 12),
(8, 12, 'ABC', 30, '', 1, '2013-04-09 17:45:43', 12);

-- --------------------------------------------------------

--
-- Structure de la table `site_setting`
--

CREATE TABLE IF NOT EXISTS `site_setting` (
  `id` int(11) NOT NULL AUTO_INCREMENT,
  `bg_color` varchar(10) COLLATE utf8_unicode_ci NOT NULL,
  `enable_bg_image` int(1) NOT NULL,
  `bg_repeat` int(1) NOT NULL,
  `page_width` varchar(15) COLLATE utf8_unicode_ci NOT NULL,
  `border_type` varchar(15) COLLATE utf8_unicode_ci NOT NULL,
  `border_width` varchar(5) COLLATE utf8_unicode_ci NOT NULL,
  `border_color` varchar(10) COLLATE utf8_unicode_ci NOT NULL,
  `enable_border` int(1) NOT NULL,
  `h_shadow` varchar(15) COLLATE utf8_unicode_ci NOT NULL,
  `v_shadow` varchar(15) COLLATE utf8_unicode_ci NOT NULL,
  `blur_shadow` varchar(15) COLLATE utf8_unicode_ci NOT NULL,
  `size_shadow` varchar(15) COLLATE utf8_unicode_ci NOT NULL,
  `color_shadow` varchar(15) COLLATE utf8_unicode_ci NOT NULL,
  `out_inset_shadow` int(1) NOT NULL,
  `enable_shadow` int(1) NOT NULL,
  `created_date` datetime NOT NULL,
  `created_by` int(11) NOT NULL,
  `enable_register` int(1) NOT NULL,
  `menu_color` varchar(15) COLLATE utf8_unicode_ci NOT NULL,
  `separate_bar_bg_color` varchar(15) COLLATE utf8_unicode_ci NOT NULL,
  `button_linear_color_1` varchar(15) COLLATE utf8_unicode_ci NOT NULL,
  `button_linear_color_2` varchar(15) COLLATE utf8_unicode_ci NOT NULL,
  `admin_controller_name` varchar(255) COLLATE utf8_unicode_ci NOT NULL,
  PRIMARY KEY (`id`)
) ENGINE=MyISAM  DEFAULT CHARSET=utf8 COLLATE=utf8_unicode_ci AUTO_INCREMENT=2 ;

--
-- Contenu de la table `site_setting`
--

INSERT INTO `site_setting` (`id`, `bg_color`, `enable_bg_image`, `bg_repeat`, `page_width`, `border_type`, `border_width`, `border_color`, `enable_border`, `h_shadow`, `v_shadow`, `blur_shadow`, `size_shadow`, `color_shadow`, `out_inset_shadow`, `enable_shadow`, `created_date`, `created_by`, `enable_register`, `menu_color`, `separate_bar_bg_color`, `button_linear_color_1`, `button_linear_color_2`, `admin_controller_name`) VALUES
(1, 'D1CDCD', 0, 3, '1200px', 'solid', '0', 'D1CDCD', 1, '7px', '7px', '7px', '2px', '7e7a7a', 0, 1, '2013-01-09 11:10:53', 12, 0, 'c1c1c1', 'dfdfdf', '', '', '');

-- --------------------------------------------------------

--
-- Structure de la table `sms`
--

CREATE TABLE IF NOT EXISTS `sms` (
  `id` int(11) NOT NULL AUTO_INCREMENT,
  `extra_message` varchar(2048) DEFAULT NULL,
  `sender` varchar(20) DEFAULT NULL,
  `received_date` datetime DEFAULT NULL,
  `is_done` int(1) NOT NULL,
  `device_name` varchar(50) NOT NULL,
  `device_id` int(11) DEFAULT NULL,
  `sent_date` datetime NOT NULL,
  `value1` float DEFAULT NULL,
  `value2` float DEFAULT NULL,
  PRIMARY KEY (`id`)
) ENGINE=InnoDB  DEFAULT CHARSET=latin1 AUTO_INCREMENT=4862 ;

--
-- Contenu de la table `sms`
--

INSERT INTO `sms` (`id`, `extra_message`, `sender`, `received_date`, `is_done`, `device_name`, `device_id`, `sent_date`, `value1`, `value2`) VALUES
(1, 'H1012#192H2023#129', '358401956907', '2012-12-21 14:51:35', 1, 'P12Siltakylanjoki', 149, '2012-12-21 08:47:00', 0.498062, 0.918149),
(2, 'K1FrGSFYGkFOG5FDFpFnGGFYFeFbFdG7FZF6GKFlFuGDFWFtFeFfFTFKFbFtFLFqF0FPFOFdFqFRFEEcEy', '358403550283', '2012-12-21 14:51:35', 0, 'Putki5u', 161, '2012-12-21 08:27:00', NULL, NULL),
(3, 'K1GTGiFmHKFvGhF?HuFEHCFHGmGDFsGHGZFtGaFfH4F?G7', '358400391493', '2012-12-21 14:51:35', 0, 'LieKok240200', 109, '2012-12-21 08:27:00', NULL, NULL),
(4, 'K1FxF4G8G2G3FbH6FWG7FWGKFMFsFTGzFfFkFMGNFXGPFvGWGIGHFwGxFv', '358403550259', '2012-12-21 14:51:35', 0, 'LieKok240060u', 164, '2012-12-21 08:21:00', NULL, NULL),
(5, 'L1037#096L2036#054', '358405571847', '2012-12-21 14:51:35', 1, 'KievariA', 184, '2012-12-21 08:20:00', 379.601, 367.779),
(6, 'K1F?F0HiFsGmF7FVFEGXF1IBFeGbEyGFFnGeEyGAGHGqFAI9FbHGF3HVFjGqEuIRFgH9FGHHG0HJFQH4GAHRFVGfFm', '358405571934', '2012-12-21 14:51:35', 0, 'Jatkasaari41_2', 181, '2012-12-21 08:10:00', NULL, NULL),
(7, 'K1GVF2HiFrGcFXGUF0GFFcGBFyGeFFGdFQGqFKGdEuGUFKGcFmGtFFI5FxHJFMGsGOGnFAHdFTHAFcGYFsHUFVHtG8', '358405571964', '2012-12-21 14:51:35', 0, 'Jatkasaari41_1', 180, '2012-12-21 08:04:00', NULL, NULL),
(8, 'H1021#135H2030#033', '358401956804', '2012-12-21 14:51:35', 1, 'P13Siltakylanjoki', 150, '2012-12-21 08:00:00', 0.840938, 1.17695),
(9, 'K1G7GSH8FsGBGCF?F4FvGUFuGaF?GUFaGUFtGMGdHQ', '358400341577', '2012-12-21 14:51:35', 0, 'Vanamontie', 173, '2012-12-21 07:48:00', NULL, NULL),
(10, 'K1FtFIG6GdFVFwFYFmG8FpG0FCFdFqGLG2G6G8GWF5GHFcG7FKGJFmGFFHFVFy', '358401956823', '2012-12-21 14:51:35', 0, 'PL2720u', 155, '2012-12-21 07:39:00', NULL, NULL),
(11, 'L1037#104L2036#007', '358405571847', '2012-12-21 14:51:35', 1, 'KievariA', 184, '2012-12-21 07:20:00', 379.919, 365.914),
(12, 'K1F?E?HiFsGmF7FVFEGXF1IBFeGbEyGFFnGeEyGAGHGqFAI7FZHGF3HVFjGqEuIRFgH8FGHGG0HJFQH3GAHRFVGfFm', '358405571934', '2012-12-21 14:51:36', 0, 'Jatkasaari41_2', 181, '2012-12-21 07:10:00', NULL, NULL),
(13, 'K1GVF2HiFrGcFXGUF0GFFcGBFyGeFFGeFQGqFKGdEuGUFKGcFmGtFFI5FwHJFLGsGPGnFAHdFUHAFdGYFsHUFVHtG9', '358405571964', '2012-12-21 14:51:36', 0, 'Jatkasaari41_1', 180, '2012-12-21 07:04:00', NULL, NULL),
(14, 'L1051#168L2025#224', '358405571962', '2012-12-21 14:51:36', 1, 'Loadcell', 179, '2012-12-21 07:02:00', 403.577, 303.232),
(15, 'H1012#103H2255#255', '358401257106', '2012-12-21 14:51:36', 1, 'P1Kymijoki', 143, '2012-12-21 07:00:00', 0.479731, NULL),
(16, 'K1FEFMF8FPFbFVFYFUEeFQFGFKFOFbFgFvFRFA', '358401956441', '2012-12-21 14:51:36', 0, 'Pikkala', 163, '2012-12-21 06:41:00', NULL, NULL),
(17, 'K1FNGjEaH2FAGcEOH1FHGGEaGdFAFuFVG2EzFzGOGmF3G1GMGGF8FvFMFKFjFBG5FDFOFHFOFHFwFNG9G5G9FNFpFmFzFr', '358401257115', '2012-12-21 14:51:36', 0, 'Savikyla4', 171, '2012-12-21 06:29:00', NULL, NULL),
(18, 'K1GGFBGLFIGYFWGSFTGLFGGoFcGsG1GfG0GUG5GbG7G?Ge', '358403503167', '2012-12-21 14:51:36', 0, 'KallolaMt1601', 58, '2012-12-21 06:09:00', NULL, NULL),
(19, 'L1037#110L2035#247', '358405571847', '2012-12-21 14:51:36', 1, 'KievariA', 184, '2012-12-21 06:20:00', 380.157, 365.279),
(20, 'K1F?F0HiFsGmF7FVFEGXF1IBFeGbEyGFFmGeEyGAGHGqFAI7FZHGF3HVFjGqEuIRFgH8FGHHG0HJFQH3GAHSFVGfFm', '358405571934', '2012-12-21 14:51:36', 0, 'Jatkasaari41_2', 181, '2012-12-21 06:10:00', NULL, NULL),
(21, 'K1GVF2HiFrGcFXGTF1GFFcGBFyGeFFGdFQGqFKGdEuGUFKGcFmGuFFI5FwHJFMGsGPGnFAHdFTHAFcGYFsHUFVHtG8', '358405571964', '2012-12-21 14:51:36', 0, 'Jatkasaari41_1', 180, '2012-12-21 06:04:00', NULL, NULL),
(22, 'H1016#047H2255#255', '358401257105', '2012-12-21 14:51:36', 1, 'P4Kymijoki', 146, '2012-12-21 06:00:00', 0.631114, NULL),
(23, 'K1G?FkHVFMHqGGHRFwG?G6H5G6G1FtGtGiGnG7H5GKGdGmGXGP', '358401257107', '2012-12-21 14:51:36', 0, 'S1uKymijoki', 157, '2012-12-21 06:01:00', NULL, NULL),
(24, 'H1016#195H2255#255', '358401257104', '2012-12-21 14:51:36', 1, 'P3Kymijoki', 145, '2012-12-21 06:00:00', 0.660156, NULL),
(25, 'L1037#125L2035#249', '358405571847', '2012-12-21 14:51:36', 1, 'KievariA', 184, '2012-12-21 05:20:00', 380.752, 365.358),
(26, 'K1F?E?HiFsGmF7FVFEGXF1IBFeGbEyGFFmGeEzGAGHGrFAI7FZHGF3HVFjGqEuIRFgH8FGHHG0HJFPH4GAHRFVGfFm', '358405571934', '2012-12-21 14:51:36', 0, 'Jatkasaari41_2', 181, '2012-12-21 05:10:00', NULL, NULL),
(27, 'K1GVF2HiFrGcFWGUF0GFFcGAFyGeFFGeFQGqFKGdEuGVFJGcFmGuFFI5FxHIFMGsGOGnFAHcFTHAFdGYFsHUFVHtG8', '358405571964', '2012-12-21 14:51:36', 0, 'Jatkasaari41_1', 180, '2012-12-21 05:04:00', NULL, NULL),
(28, 'K1EvFPFjFZFfFQFWFbFCF?FVGFFUFfFfFuFHFuFDFfFFGUEqFp', '358401257114', '2012-12-21 14:51:36', 0, 'S2Kymijoki', 142, '2012-12-21 05:02:00', NULL, NULL),
(29, 'L1051#174L2025#224', '358405571962', '2012-12-21 14:51:36', 1, 'Loadcell', 179, '2012-12-21 05:02:00', 403.76, 303.232),
(30, 'H1017#066H2255#255', '358400305584', '2012-12-21 14:51:37', 1, 'P2Kymijoki', 144, '2012-12-21 05:00:00', 0.682552, NULL),
(31, 'K1FPEnFeECFcEmGNFEFAEEGdEQG8EuGXEmGDETGWE2HNEVGSFJGtEZGvEvGuE?FvFEGBFAFqE9', '358403519927', '2012-12-21 14:51:37', 0, 'PL1250', 102, '2012-12-21 04:37:00', NULL, NULL),
(32, 'L1037#114L2036#010', '358405571847', '2012-12-21 14:51:37', 1, 'KievariA', 184, '2012-12-21 04:20:00', 380.316, 366.033),
(33, 'K1F?F0HiFsGmF7FVFEGXF1IBFeGbEyGFFmGeEyGAGHGqFAI7FZHGF3HVFjGqEuIRFgH8FGHHG0HJFQH3GAHRFVGfFm', '358405571934', '2012-12-21 14:51:37', 0, 'Jatkasaari41_2', 181, '2012-12-21 04:10:00', NULL, NULL),
(34, 'K1F2GAEYGTEoGVFYFmERFhEqGPEpF?EbGmESFwFIFAEcGGF6FXFEFoFMFoEsGP', '358401257120', '2012-12-21 14:51:37', 0, 'PL150', 111, '2012-12-21 04:07:00', NULL, NULL),
(35, 'K1GVF2HiFrGcFXGUF0GFFcGBFyGeFFGeFQGqFKGdEuGUFKGcFmGuFFI5FwHJFMGtGOGnFAHcFUHAFdGYFsHUFVHtG8', '358405571964', '2012-12-21 14:51:37', 0, 'Jatkasaari41_1', 180, '2012-12-21 04:04:00', NULL, NULL),
(36, 'L1037#122L2036#041', '358405571847', '2012-12-21 14:51:37', 1, 'KievariA', 184, '2012-12-21 03:20:00', 380.633, 367.263),
(37, 'K1F?E?HiFsGmF7FVFEGXF1IBFeGbEyGFFmGeEyGAGIGqFAI7FZHGF3HVFjGqEuIRFgH8FGHGG0HIFQH3GAHRFVGfFm', '358405571934', '2012-12-21 14:51:37', 0, 'Jatkasaari41_2', 181, '2012-12-21 03:10:00', NULL, NULL),
(38, 'K1GVF2HiFrGcFXGTF1GFFcGBFyGfFFGeFQGqFKGdEuGUFKGcFmGtFFI5FwHIFLGsGOGmFAHcFUH9FdGYFrHUFVHtG8', '358405571964', '2012-12-21 14:51:37', 0, 'Jatkasaari41_1', 180, '2012-12-21 03:04:00', NULL, NULL),
(39, 'L1051#170L2025#224', '358405571962', '2012-12-21 14:51:37', 1, 'Loadcell', 179, '2012-12-21 03:02:00', 403.638, 303.232),
(40, 'K1FDGpFVFyFqGuFSGsEzGRF?GOFFG9F3HBFdFyF?GZFNGdFTGPF7Gw', '358403520806', '2012-12-21 14:51:37', 0, 'Putki6', 94, '2012-12-21 02:32:00', NULL, NULL),
(41, 'L1037#154L2036#098', '358405571847', '2012-12-21 14:51:37', 1, 'KievariA', 184, '2012-12-21 02:20:00', 381.903, 369.524),
(42, 'K1F?F0HiFsGmF7FVFEGXF1IBFeGcEyGFFmGeEzGAGHGqFAI7FZHFF3HVFjGqEvIRFgH8FGHHG0HIFQH3GAHRFVGfFl', '358405571934', '2012-12-21 14:51:37', 0, 'Jatkasaari41_2', 181, '2012-12-21 02:10:00', NULL, NULL),
(43, 'K1GVF2HiFrGcFXGUF0GFFcGBFyGeFFGdFQGqFKGdEuGUFKGcFmGuFFI5FxHJFMGtGOGnFAHcFUHAFdGYFsHUFVHtG8', '358405571964', '2012-12-21 14:51:37', 0, 'Jatkasaari41_1', 180, '2012-12-21 02:04:00', NULL, NULL),
(44, 'K1ZZZ0', '358403551618', '2012-12-21 14:51:37', 0, 'Putki8', 96, '2012-12-21 02:01:00', NULL, NULL),
(45, 'L1037#149L2036#130', '358405571847', '2012-12-21 14:51:37', 1, 'KievariA', 184, '2012-12-21 01:20:00', 381.704, 370.794),
(46, 'K1F?F0HiFsGmF7FUFEGXF1IBFeGcExGFFmGeEyGAGHGrFAI7FZHGF3HVFjGqEuIRFgH8FGHHG0HIFQH3GAHSFVGfFm', '358405571934', '2012-12-21 14:51:37', 0, 'Jatkasaari41_2', 181, '2012-12-21 01:10:00', NULL, NULL),
(47, 'K1GVF2HiFrGcFWGUF0GFFcGBFyGeFFGeFQGqFKGdEuGUFKGcFmGtFFI5FxHJFMGsGPGmFAHcFUHAFdGYFsHUFVHtG8', '358405571964', '2012-12-21 14:51:37', 0, 'Jatkasaari41_1', 180, '2012-12-21 01:04:00', NULL, NULL),
(48, 'K1HiFzGiGFGZFeHHG5GuGXHVFkGyGCGTG7GkGAGgFrF?G5G9H4GjGeGNFqGYGMGTGAGRGAGNF?G4F?F5G6', '358401956927', '2012-12-21 14:51:37', 0, 'Putki1u', 160, '2012-12-21 01:03:00', NULL, NULL),
(49, 'K1FnGOFFGBFSH6FJHEFDGuFhG0EpGQFsFsFLG6EtGCE?GRFTGpF9GcFgGtEdGMEZGgFbGND?FJ', '358403550218', '2012-12-21 14:51:37', 0, 'Putki4u', 167, '2012-12-21 01:01:00', NULL, NULL),
(50, 'L1051#178L2025#224', '358405571962', '2012-12-21 14:51:37', 1, 'Loadcell', 179, '2012-12-21 01:02:00', 403.882, 303.232),
(51, 'H1012#108H2255#255', '358401257106', '2012-12-21 14:51:37', 1, 'P1Kymijoki', 143, '2012-12-21 01:00:00', 0.480492, NULL),
(52, 'K1FFFNF8FPFbFWFYFTEeFQFFFJFPFbFgFvFQF9', '358401956441', '2012-12-21 14:51:37', 0, 'Pikkala', 163, '2012-12-21 00:41:00', NULL, NULL),
(53, 'K1GGFBGLFIGYFWGTFTGLFGGnFcGsG1GgG0GUG5GbG7G?Gf', '358403503167', '2012-12-21 14:51:38', 0, 'KallolaMt1601', 58, '2012-12-21 00:09:00', NULL, NULL),
(54, 'L1037#175L2036#136', '358405571847', '2012-12-21 14:51:38', 1, 'KievariA', 184, '2012-12-21 00:20:00', 382.736, 371.032),
(55, 'K1F?F0HiFsGmF7FVFEGXF1IBFeGbEyGFFmGeEyGAGIGrFAI7FZHGF3HVFjGqEuIRFgH9FGHHG0HJFQH3GAHSFVGfFl', '358405571934', '2012-12-21 14:51:38', 0, 'Jatkasaari41_2', 181, '2012-12-21 00:10:00', NULL, NULL),
(56, 'K1GVF2HiFrGcFXGUF0GEFcGBFyGeFFGdFQGqFKGdEuGUFKGcFmGuFFI5FwHJFMGtGOGnFAHcFTHAFdGYFrHUFVHtG8', '358405571964', '2012-12-21 14:51:38', 0, 'Jatkasaari41_1', 180, '2012-12-21 00:04:00', NULL, NULL),
(57, 'K1G4FrGbFtGoFVGGFVGoFrGOFoGYG6HGGOGpGJGUFxGSG6GQFmGNGUG8GfGHGZH0FRFzGH', '358403551752', '2012-12-21 14:51:38', 0, 'Putki9u', 168, '2012-12-21 00:01:00', NULL, NULL),
(58, 'H1016#036H2255#255', '358401257105', '2012-12-21 14:51:38', 1, 'P4Kymijoki', 146, '2012-12-21 00:00:00', 0.62943, NULL),
(59, 'K1G?FjHWFMHqGHHUF?G?G6H5G6G1FtGsGjGnG7H5GKGcGmGXGP', '358401257107', '2012-12-21 14:51:38', 0, 'S1uKymijoki', 157, '2012-12-21 00:01:00', NULL, NULL),
(60, 'H1016#205H2255#255', '358401257104', '2012-12-21 14:51:38', 1, 'P3Kymijoki', 145, '2012-12-21 00:00:00', 0.661701, NULL),
(61, 'L1037#181L2036#177', '358405571847', '2012-12-21 14:51:38', 1, 'KievariA', 184, '2012-12-20 23:20:00', 382.974, 372.658),
(62, 'K1F?F0HiFsGmF7FVFEGXF1IBFeGbExGFFmGeEzGAGHGqFAI7FZHGF3HVFjGqEuIRFgH8FFHHG0HJFPH4GAHSFVGfFm', '358405571934', '2012-12-21 14:51:38', 0, 'Jatkasaari41_2', 181, '2012-12-20 23:10:00', NULL, NULL),
(63, 'K1GVF2HiFrGcFXGUF1GFFcGBFyGeFFGeFQGqFKGdEuGUFKGcFmGtFFI5FwHJFLGsGOGmFAHdFUHAFdGYFsHUFVHsG8', '358405571964', '2012-12-21 14:51:38', 0, 'Jatkasaari41_1', 180, '2012-12-20 23:04:00', NULL, NULL),
(64, 'K1ExFUFmFZFdFRFXFZFCF?FVGGFUFfFfFvFGFrFBFeFFGTEqFp', '358401257114', '2012-12-21 14:51:38', 0, 'S2Kymijoki', 142, '2012-12-20 23:02:00', NULL, NULL),
(65, 'L1051#184L2025#224', '358405571962', '2012-12-21 14:51:38', 1, 'Loadcell', 179, '2012-12-20 23:02:00', 404.065, 303.232),
(66, 'H1017#070H2255#255', '358400305584', '2012-12-21 14:51:38', 1, 'P2Kymijoki', 144, '2012-12-20 23:00:00', 0.683169, NULL),
(67, 'K1ZZZ0', '358401956694', '2012-12-21 14:51:38', 0, 'PL2660u', 154, '2012-12-20 22:37:00', NULL, NULL),
(68, 'L1037#204L2036#207', '358405571847', '2012-12-21 14:51:38', 1, 'KievariA', 184, '2012-12-20 22:20:00', 383.886, 373.849),
(69, 'K1F?F0HiFsGmF7FVFEGXF1IBFeGbExGFFmGeEyGAGHGqFAI7FZHGF3HVFjGqEuIRFgH7FFHGG0HJFPH3GAHRFVGfFm', '358405571934', '2012-12-21 14:51:38', 0, 'Jatkasaari41_2', 181, '2012-12-20 22:10:00', NULL, NULL),
(70, 'K1GVF2HiFrGcFXGUF1GFFcGBFyGeFFGdFQGqFKGdEuGVFKGcFmGtFFI5FwHJFMGtGOGnFAHcFUHAFdGYFsHUFVHtG8', '358405571964', '2012-12-21 14:51:39', 0, 'Jatkasaari41_1', 180, '2012-12-20 22:04:00', NULL, NULL),
(71, 'K1FtE4FhD?FjFDEyElFXE?FdFGFmF5EiErFoF0FfEqFYE?', '358401257112', '2012-12-21 14:51:39', 0, 'Raappavuori', 120, '2012-12-20 22:03:00', NULL, NULL),
(72, 'R1FhFfFgFfFcFZFVFPFKFEF7F1EwEnEjEWEOEHE9E1DyDsDmDjDbDL', '358401956157', '2012-12-21 14:51:39', 0, 'Luoman_seisake', 152, '2012-12-20 21:18:00', NULL, NULL),
(73, 'L1037#215L2036#208', '358405571847', '2012-12-21 14:51:39', 1, 'KievariA', 184, '2012-12-20 21:20:00', 384.323, 373.888),
(74, 'R1BeEABWEABJEE', '358400204984', '2012-12-21 14:51:39', 0, 'TottolaA', 137, '2012-12-20 21:13:00', NULL, NULL),
(75, 'K1F?E?HiFsGmF7FVFEGXF1IBFeGbExGFFmGeEyGAGHGqFAI7FZHGF3HVFjGqEvIRFgH9FGHHG0HIFQH3GAHRFVGfFm', '358405571934', '2012-12-21 14:51:39', 0, 'Jatkasaari41_2', 181, '2012-12-20 21:10:00', NULL, NULL),
(76, 'K1GVF2HiFrGcFXGUF0GFFcGBFyGfFFGeFQGqFKGdEuGUFKGcFmGuFFI5FwHJFLGsGOGnFAHdFUHAFdGYFsHUFVHtG8', '358405571964', '2012-12-21 14:51:39', 0, 'Jatkasaari41_1', 180, '2012-12-20 21:04:00', NULL, NULL),
(77, 'L1051#190L2025#224', '358405571962', '2012-12-21 14:51:39', 1, 'Loadcell', 179, '2012-12-20 21:02:00', 404.248, 303.232),
(78, 'H1021#227H2033#137', '358401956721', '2012-12-21 14:51:39', 1, 'P11Siltakylanjoki', 148, '2012-12-20 21:00:00', 0.854976, 1.31001),
(79, 'H1015#067H2034#149', '358401956209', '2012-12-21 14:51:39', 1, 'P14Siltakylanjoki', 151, '2012-12-20 21:00:00', 0.596179, 1.3247),
(80, 'H1012#192H2023#127', '358401956907', '2012-12-21 14:51:39', 1, 'P12Siltakylanjoki', 149, '2012-12-20 20:47:00', 0.498062, 0.917844),
(81, 'K1FrGRFYGkFOG5FDFpFnGGFYFeFbFdG7FZF6GKFlFuGCFWFtFfFfFTFKFbFtFLFqF0FPFOFdFqFRFEEdEy', '358403550283', '2012-12-21 14:51:39', 0, 'Putki5u', 161, '2012-12-20 20:27:00', NULL, NULL),
(82, 'K1GVGkFjHHFtGkG2HtFHHJFKGdGDFqGDGbFrGZFgH3F?G7', '358400391493', '2012-12-21 14:51:39', 0, 'LieKok240200', 109, '2012-12-20 20:27:00', NULL, NULL),
(83, 'K1FwF4G9G3G4FcH6FWG7FWGKFMFsFTGzFeFkFMGOFXGPFvGWGIGHFvGxFv', '358403550259', '2012-12-21 14:51:39', 0, 'LieKok240060u', 164, '2012-12-20 20:21:00', NULL, NULL),
(84, 'L1037#224L2036#221', '358405571847', '2012-12-21 14:51:39', 1, 'KievariA', 184, '2012-12-20 20:20:00', 384.68, 374.404),
(85, 'K1F?F0HiFsGmF7FVFEGXF1IBFeGcEyGFFmGeEyGAGHGrFAI7FZHGF3HVFjGqEuIRFgH9FHHGG1HJFQH3GAHSFVGfFm', '358405571934', '2012-12-21 14:51:39', 0, 'Jatkasaari41_2', 181, '2012-12-20 20:10:00', NULL, NULL),
(86, 'K1GVF2HiFrGcFWGUF0GFFcGBFyGeFFGeFQGqFKGdEuGUFKGcFmGuFFI5FwHIFMGsGPGnFAHcFTHAFdGYFsHUFVHtG8', '358405571964', '2012-12-21 14:51:39', 0, 'Jatkasaari41_1', 180, '2012-12-20 20:04:00', NULL, NULL),
(87, 'R1BHBMEBBUEGBOBOBKBFB4', '358400371067', '2012-12-21 14:51:39', 0, 'PepaB', 136, '2012-12-20 20:04:00', NULL, NULL),
(88, 'K1G5GXF?GPGLGZFwGSFXG1G8GJFBFyFEF?EgGXEtGHE9FU', '358403520948', '2012-12-21 14:51:39', 0, '3660o', 86, '2012-12-20 20:03:00', NULL, NULL),
(89, 'H1021#138H2030#044', '358401956804', '2012-12-21 14:51:39', 1, 'P13Siltakylanjoki', 150, '2012-12-20 20:00:00', 0.841395, 1.17862),
(90, 'L1037#233L2036#244', '358405571847', '2012-12-21 14:51:39', 1, 'KievariA', 184, '2012-12-20 19:20:00', 385.037, 375.317),
(91, 'K1F?F0HiFsGmF7FVFEGXF1IBFeGbExGFFmGeEyGAGHGqFAI7FZHGF3HUFjGqEuIRFgHBFIHGG0HJFQH3GAHRFVGfFm', '358405571934', '2012-12-21 14:51:39', 0, 'Jatkasaari41_2', 181, '2012-12-20 19:10:00', NULL, NULL),
(92, 'K1GVF2HiFrGcFXGUF0GFFcGBFyGfFFGeFQGqFKGdEuGUFKGcFmGtFFI5FwHJFMGtGOGnFAHcFUH9FcGYFsHUFVHsG8', '358405571964', '2012-12-21 14:51:40', 0, 'Jatkasaari41_1', 180, '2012-12-20 19:04:00', NULL, NULL),
(93, 'L1051#176L2025#224', '358405571962', '2012-12-21 14:51:40', 1, 'Loadcell', 179, '2012-12-20 19:02:00', 403.821, 303.232),
(94, 'H1012#112H2255#255', '358401257106', '2012-12-21 14:51:40', 1, 'P1Kymijoki', 143, '2012-12-20 19:00:00', 0.4811, NULL),
(95, 'K1FEFNF8FPFbFVFYFUEeFRFFFKFPFbFfFvFRF9', '358401956441', '2012-12-21 14:51:40', 0, 'Pikkala', 163, '2012-12-20 18:41:00', NULL, NULL),
(96, 'K1FNGjEaH1FAGcEOH1FHGGEaGdFAFuFUG2EzFzGOGmF3G0GNGGF8FvFMFJFjFBG5FEFNFHFOFHFvFNG9G5GAFNFpFmFzFr', '358401257115', '2012-12-21 14:51:40', 0, 'Savikyla4', 171, '2012-12-20 18:29:00', NULL, NULL),
(97, 'K1GGFBGLFIGYFWGTFSGLFFGoFcGsG1GgG0GUG5GbG7G?Ge', '358403503167', '2012-12-21 14:51:40', 0, 'KallolaMt1601', 58, '2012-12-20 18:09:00', NULL, NULL),
(98, 'L1037#229L2037#005', '358405571847', '2012-12-21 14:51:40', 1, 'KievariA', 184, '2012-12-20 18:20:00', 384.878, 375.991),
(99, 'K1F?F0HiFsGmF7FVFEGXF1IBFeGbExGFFmGeEyGAGHGqFAI7FZHGF3HVFjGqEuIRFgHAFIHGG0HIFPH4GAHRFVGfFl', '358405571934', '2012-12-21 14:51:40', 0, 'Jatkasaari41_2', 181, '2012-12-20 18:10:00', NULL, NULL),
(100, 'K1GVF2HiFrGcFXGUF1GFFcGBFyGeFFGeFQGqFKGdEuGUFKGcFmGtFFI5FwHJFMGsGOGnFAHdFUHAFdGYFsHUFVHtG8', '358405571964', '2012-12-21 14:51:40', 0, 'Jatkasaari41_1', 180, '2012-12-20 18:04:00', NULL, NULL),
(101, 'H1016#038H2255#255', '358401257105', '2012-12-21 14:51:40', 1, 'P4Kymijoki', 146, '2012-12-20 18:00:00', 0.629736, NULL),
(102, 'K1G?FkHWFMHqGHHRFxG?G6H5G6G1FtGtGiGoG7H5GKGcGmGXGP', '358401257107', '2012-12-21 14:51:40', 0, 'S1uKymijoki', 157, '2012-12-20 18:01:00', NULL, NULL),
(103, 'H1016#218H2255#255', '358401257104', '2012-12-21 14:51:40', 1, 'P3Kymijoki', 145, '2012-12-20 18:00:00', 0.66371, NULL),
(104, 'L1037#237L2037#031', '358405571847', '2012-12-21 14:51:40', 1, 'KievariA', 184, '2012-12-20 17:20:00', 385.195, 377.023),
(105, 'K1F?F0HiFsGmF7FVFEGXF1IBFeGbExGFFmGeEyGAGHGrFAI7FZHGF3HUFjGqEuIRFgHAFHHHG0HIFPH3GAHSFVGfFm', '358405571934', '2012-12-21 14:51:40', 0, 'Jatkasaari41_2', 181, '2012-12-20 17:10:00', NULL, NULL),
(106, 'K1GVF2HiFrGcFXGUF0GFFcGBFyGeFFGeFQGqFKGdEuGVFKGcFmGuFFI5FwHJFMGtGPGnFAHdFUHAFdGYFrHUFVHtG8', '358405571964', '2012-12-21 14:51:40', 0, 'Jatkasaari41_1', 180, '2012-12-20 17:04:00', NULL, NULL),
(107, 'K1ExFLFkFYFfFSFZFdFBF?FVGGFUFgFgFuFGFtFBFeFFGTEpFp', '358401257114', '2012-12-21 14:51:40', 0, 'S2Kymijoki', 142, '2012-12-20 17:02:00', NULL, NULL),
(108, 'L1051#099L2025#157', '358405571962', '2012-12-21 14:51:40', 1, 'Loadcell', 179, '2012-12-20 17:02:00', 401.471, 300.165),
(109, 'K1F6GpHmGAZZZZFmGAF3GVEqFrEiG1ElGqHIHOZZZZEsGbF5FkF9GjFAGVZZZZS0GGFjGRZZZZGcGV', '358403502538', '2012-12-21 14:51:40', 0, 'PL650', 9, '2012-12-20 16:57:00', NULL, NULL),
(110, 'H1017#082H2255#255', '358400305584', '2012-12-21 14:51:40', 1, 'P2Kymijoki', 144, '2012-12-20 17:00:00', 0.685023, NULL),
(111, 'L1051#126L2025#192', '358405571962', '2012-12-21 14:51:41', 1, 'Loadcell', 179, '2012-12-20 16:56:00', 402.295, 301.767),
(112, 'L1051#133L2025#193', '358405571962', '2012-12-21 14:51:41', 1, 'Loadcell', 179, '2012-12-20 16:50:00', 402.509, 301.813),
(113, 'L1051#166L2025#224', '358405571962', '2012-12-21 14:51:41', 1, 'Loadcell', 179, '2012-12-20 16:44:00', 403.516, 303.232),
(114, 'L1038#001L2027#083', '358405571847', '2012-12-21 14:51:41', 1, 'KievariA', 184, '2012-12-20 16:20:00', 385.989, 277.52),
(115, 'L1057#094L2255#255', '358405571892', '2012-12-21 14:51:41', 1, 'KievariB', 185, '2012-12-20 16:19:00', 582.653, NULL),
(116, 'L1045#113L2255#255', '358405571892', '2012-12-21 14:51:41', 1, 'KievariB', 185, '2012-12-20 16:15:00', 461.528, NULL),
(117, 'K1F?E?HiFsGmF7FVFEGXF1IBFeGbExGFFmGeEyGAGHGrFAI7FZHGF3HVFjGqEuIRFgHAFIHHG0HIFPH3GAHRFVGfFl', '358405571934', '2012-12-21 14:51:41', 0, 'Jatkasaari41_2', 181, '2012-12-20 16:10:00', NULL, NULL),
(118, 'L1045#112L2255#255', '358405571892', '2012-12-21 14:51:41', 1, 'KievariB', 185, '2012-12-20 16:11:00', 461.489, NULL),
(119, 'L1038#003L2027#079', '358405571847', '2012-12-21 14:51:41', 1, 'KievariA', 184, '2012-12-20 16:10:00', 386.068, 277.361),
(120, 'L1045#113L2255#255', '358405571892', '2012-12-21 14:51:41', 1, 'KievariB', 185, '2012-12-20 16:07:00', 461.528, NULL),
(121, 'K1GVF2HiFrGcFXGTF0GFFcGBFyGfFFGdFQGqFKGdEuGUFJGcFmGtFFI5FxHJFNGtGOGnFAHcFUHAFdGYFsHUFVHuG8', '358405571964', '2012-12-21 14:51:41', 0, 'Jatkasaari41_1', 180, '2012-12-20 16:04:00', NULL, NULL),
(122, 'L1045#094L2255#255', '358405571892', '2012-12-21 14:51:41', 1, 'KievariB', 185, '2012-12-20 16:04:00', 460.775, NULL),
(123, 'L1038#030L2027#090', '358405571847', '2012-12-21 14:51:41', 1, 'KievariA', 184, '2012-12-20 16:00:00', 387.139, 277.798),
(124, 'K1FLFPFYF?FNFjFYFkZZZZFzFqG3G3GHFiFcFhFlFj', '358403500976', '2012-12-21 14:51:41', 0, 'HmlKm104', 15, '2012-12-20 16:04:00', NULL, NULL),
(125, 'L1038#047L2027#102', '358405571847', '2012-12-21 14:51:41', 1, 'KievariA', 184, '2012-12-20 15:50:00', 387.814, 278.274),
(126, 'L1038#049L2027#111', '358405571847', '2012-12-21 14:51:41', 1, 'KievariA', 184, '2012-12-20 15:40:00', 387.893, 278.631),
(127, 'L1038#051L2027#144', '358405571847', '2012-12-21 14:51:41', 1, 'KievariA', 184, '2012-12-20 15:30:00', 387.973, 279.94),
(128, 'L1038#080L2027#155', '358405571847', '2012-12-21 14:51:41', 1, 'KievariA', 184, '2012-12-20 15:20:00', 389.123, 280.377),
(129, 'L1051#196L2025#227', '358405571962', '2012-12-21 14:51:41', 1, 'Loadcell', 179, '2012-12-20 15:13:00', 404.431, 303.369),
(130, 'K1F?F0HiFsGmF7FVFEGXF1IBFeGcExGFFmGeEyGAGHGrFAI7FZHGF3HVFjGqEuIRFgHAFHHHG0HJFPH3GAHSFVGfFl', '358405571934', '2012-12-21 14:51:41', 0, 'Jatkasaari41_2', 181, '2012-12-20 15:10:00', NULL, NULL),
(131, 'L1038#073L2027#171', '358405571847', '2012-12-21 14:51:42', 1, 'KievariA', 184, '2012-12-20 15:10:00', 388.845, 281.011),
(132, 'K1GVF2HiFrGcFXGUF0GFFcGBFyGeFFGeFQGqFKGdEuGVFKGdFmGuFFI5FwHJFLGsGOGnFAHdFUHAFdGYFsHUFVHsG8', '358405571964', '2012-12-21 14:51:42', 0, 'Jatkasaari41_1', 180, '2012-12-20 15:04:00', NULL, NULL),
(133, 'K1F?GcFmGlF3GeFiGAFlGMGIGQFAGyFTGcFPGoFIFxEUGE', '358403520916', '2012-12-21 14:51:42', 0, '3720o', 87, '2012-12-20 15:02:00', NULL, NULL),
(134, 'K1FmGFG8GqFwHLGNGjE?GTFtGA', '358403520931', '2012-12-21 14:51:42', 0, '3740v', 88, '2012-12-20 15:02:00', NULL, NULL),
(135, 'L1038#090L2027#201', '358405571847', '2012-12-21 14:51:42', 1, 'KievariA', 184, '2012-12-20 15:00:00', 389.52, 282.202),
(136, 'L1038#129L2027#251', '358405571847', '2012-12-21 14:51:42', 1, 'KievariA', 184, '2012-12-20 14:50:00', 391.067, 284.185),
(137, 'L1038#120L2028#027', '358405571847', '2012-12-21 14:51:42', 1, 'KievariA', 184, '2012-12-20 14:40:00', 390.71, 285.455),
(138, 'K1FEGpFVFxFqGtFSGsEzGSF?GPFFG9F3HAFeFyG0GZFNGcFSGOF7Gv', '358403520806', '2012-12-21 14:51:42', 0, 'Putki6', 94, '2012-12-20 14:32:00', NULL, NULL),
(139, 'L1038#143L2028#059', '358405571847', '2012-12-21 14:51:42', 1, 'KievariA', 184, '2012-12-20 14:30:00', 391.623, 286.724),
(140, 'L1038#157L2028#103', '358405571847', '2012-12-21 14:51:42', 1, 'KievariA', 184, '2012-12-20 14:20:00', 392.178, 288.47),
(141, 'K1F?F0HiFsGmF7FVFEGXF1IBFeGcEyGFFmGeEyGAGHGrFAI7FZHGF3HVFjGqEvIRFgHAFHHHG0HIFPH3GAHSFVGfFm', '358405571934', '2012-12-21 14:51:42', 0, 'Jatkasaari41_2', 181, '2012-12-20 14:10:00', NULL, NULL),
(142, 'L1038#206L2028#186', '358405571847', '2012-12-21 14:51:42', 1, 'KievariA', 184, '2012-12-20 14:10:00', 394.122, 291.763),
(143, 'K1GVF2HiFrGbFXGUF0GFFcGBFyGeFFGeFQGqFKGdEuGVFKGcFmGuFFI5FxHJFLGsGOGnFAHcFUH9FcGYFsHUFVHsG8', '358405571964', '2012-12-21 14:51:42', 0, 'Jatkasaari41_1', 180, '2012-12-20 14:04:00', NULL, NULL),
(144, 'K1ZZZ0', '358403551618', '2012-12-21 14:51:42', 0, 'Putki8', 96, '2012-12-20 14:01:00', NULL, NULL),
(145, 'L1039#005L2000#075', '358405571847', '2012-12-21 14:51:42', 1, 'KievariA', 184, '2012-12-20 14:00:00', 396.304, 2.97555),
(146, 'L1039#170L2000#073', '358503221029', '2012-12-21 14:51:42', 1, 'KievariA', 184, '2012-12-20 13:42:00', 402.85, 2.89621),
(147, 'L1001#039L2000#044', '358503221029', '2012-12-21 14:51:42', 1, 'KievariA', 184, '2012-12-20 13:32:00', 11.7038, 1.74566),
(148, 'L1004#069L2000#111', '358503221029', '2012-12-21 14:51:42', 1, 'KievariA', 184, '2012-12-20 13:22:00', 43.3638, 4.40382),
(149, 'L1051#194L2025#226', '358405571962', '2012-12-21 14:51:42', 1, 'Loadcell', 179, '2012-12-20 13:13:00', 404.37, 303.323),
(150, 'K1F?F0HiFsGmF7FVFEGXF1IBFeGcEyGFFmGeEyGAGHGrFAI7FZHGF3HVFjGqEuIRFgHAFHHHG0HIFPH3GAHRFVGfFm', '358405571934', '2012-12-21 14:51:42', 0, 'Jatkasaari41_2', 181, '2012-12-20 13:10:00', NULL, NULL),
(151, 'K1GVF2HiFrGcFWGUF1GEFcGBFyGfFFGeFQGqFKGdEuGUFJGcFmGtFFI5FxHIFMGtGPGnFAHdFUHAFdGYFsHUFVHtG8', '358405571964', '2012-12-21 14:51:43', 0, 'Jatkasaari41_1', 180, '2012-12-20 13:04:00', NULL, NULL),
(152, 'K1HiFyGiGFGZFeHHG5GuGYHVFkGyGCGSG7GkGAGgFqFzG5G9H5GjGeGNFqGYGMGUGAGRGAGMF?G4F?F5G6', '358401956927', '2012-12-21 14:51:43', 0, 'Putki1u', 160, '2012-12-20 13:03:00', NULL, NULL),
(153, 'K1FnGOFFGBFSH6FJHEFEGuFhG0EpGQFsFsFLG6EtGDE?GRFTGpF8GcFgGtEdGMEZGgFbGNE0FJ', '358403550218', '2012-12-21 14:51:43', 0, 'Putki4u', 167, '2012-12-20 13:01:00', NULL, NULL),
(154, 'H1012#123H2255#255', '358401257106', '2012-12-21 14:51:43', 1, 'P1Kymijoki', 143, '2012-12-20 13:00:00', 0.482773, NULL),
(155, 'K1GGFBGLFIGYFWGSFSGLFGGnFcGsG1GfG0GUG5GbG7G?Gf', '358403503167', '2012-12-21 14:51:43', 0, 'KallolaMt1601', 58, '2012-12-20 12:09:00', NULL, NULL),
(156, 'K1F?F0HiFsGmF7FVFEGXF1IBFeGcEyGFFmGeEyGAGHGrFAI7FZHGF3HVFjGqEvIRFgHAFHHGG0HIFQH3GAHRFVGgFm', '358405571934', '2012-12-21 14:51:43', 0, 'Jatkasaari41_2', 181, '2012-12-20 12:10:00', NULL, NULL),
(157, 'L1115#050L2119#119', '358503221029', '2012-12-21 14:51:43', 1, 'Loadcell', 179, '2012-12-20 12:10:00', 899.991, 1400.02),
(158, 'K1GVF2HiFrGcFXGUF0GFFcGBFyGeFFGeFQGqFKGdEuGVFKGcFmGuFFI5FxHJFMGsGOGnFAHcFUHAFdGYFsHUFVHtG8', '358405571964', '2012-12-21 14:51:43', 0, 'Jatkasaari41_1', 180, '2012-12-20 12:04:00', NULL, NULL),
(159, 'K1G4FrGbFtGoFVGGFVGoFrGOFoGYG6HGGOGpGJGUFxGSG6GQFmGNGUG8GeGHGZH0FRFzGH', '358403551752', '2012-12-21 14:51:43', 0, 'Putki9u', 168, '2012-12-20 12:01:00', NULL, NULL),
(160, 'H1016#027H2255#255', '358401257105', '2012-12-21 14:51:43', 1, 'P4Kymijoki', 146, '2012-12-20 12:00:00', 0.628052, NULL),
(161, 'K1G?FkHWFMHpGHHMFrG?G6H5G6G0FtGsGjGnG7H5GKGcGmGXGO', '358401257107', '2012-12-21 14:51:43', 0, 'S1uKymijoki', 157, '2012-12-20 12:01:00', NULL, NULL),
(162, 'H1016#227H2255#255', '358401257104', '2012-12-21 14:51:43', 1, 'P3Kymijoki', 145, '2012-12-20 12:00:00', 0.665101, NULL),
(163, 'L1051#185L2025#224', '358405571962', '2012-12-21 14:51:43', 1, 'Loadcell', 179, '2012-12-20 11:13:00', 404.096, 303.232),
(164, 'K1F?F0HiFsGmF7FVFEGXF1IBFeGbEyGFFmGeEyGAGHGrFAI7FZHGF3HVFjGqEuIRFgHAFHHHG0HIFPH4GAHSFVGfFm', '358405571934', '2012-12-21 14:51:43', 0, 'Jatkasaari41_2', 181, '2012-12-20 11:10:00', NULL, NULL),
(165, 'K1GVF2HiFrGcFXGUF0GFFcGBFyGeFFGeFQGqFKGeEuGUFKGcFmGtFFI5FwHJFLGtGOGnFAHcFUHAFdGYFsHUFVHtG8', '358405571964', '2012-12-21 14:51:43', 0, 'Jatkasaari41_1', 180, '2012-12-20 11:04:00', NULL, NULL),
(166, 'K1ExFOFkFZFeFRFVFbFCF?FUGHFUFgFgFuFFFtFBFeFFGUEqFp', '358401257114', '2012-12-21 14:51:44', 0, 'S2Kymijoki', 142, '2012-12-20 11:02:00', NULL, NULL),
(167, 'H1017#088H2255#255', '358400305584', '2012-12-21 14:51:44', 1, 'P2Kymijoki', 144, '2012-12-20 11:00:00', 0.685949, NULL),
(168, 'K1F?F0HiFsGmF7FVFEGXF1IBFeGcExGFFmGeEyGAGHGrFAI7FZHGF3HVFjGqEuIRFgHAFHHHG1HIFPH4GAHRFVGfFm', '358405571934', '2012-12-21 14:51:44', 0, 'Jatkasaari41_2', 181, '2012-12-20 10:10:00', NULL, NULL),
(169, 'K1GVF2HiFrGcFXGUF1GFFcGBFyGeFFGeFQGqFKGdEuGVFKGcFlGuFFI5FwHIFMGtGOGnFAHcFUHAFdGYFsHUFVHsG8', '358405571964', '2012-12-21 14:51:44', 0, 'Jatkasaari41_1', 180, '2012-12-20 10:04:00', NULL, NULL),
(170, 'K1FsE2FiD?FiFDExEjFXE?FdFGFlF6EiEqFpF0FfEpFYE', '358401257112', '2012-12-21 14:51:44', 0, 'Raappavuori', 120, '2012-12-20 10:03:00', NULL, NULL),
(171, 'R1FiFgFgFgFcFZFVFPFLFFF7F1ExEoEjEWEPEHE9E2DyDtDnDkDcDJ', '358401956157', '2012-12-21 14:51:44', 0, 'Luoman_seisake', 152, '2012-12-20 09:18:00', NULL, NULL),
(172, 'L1051#184L2025#225', '358405571962', '2012-12-21 14:51:44', 1, 'Loadcell', 179, '2012-12-20 09:13:00', 404.065, 303.278),
(173, 'K1F?F0HiFsGmF7FVFEGXF1IBFeGbEyGFFmGeEyGAGHGrFAI7FZHGF3HVFjGqEuIRFgHAFHHHG0HIFPH3GAHSFVGfFl', '358405571934', '2012-12-21 14:51:44', 0, 'Jatkasaari41_2', 181, '2012-12-20 09:10:00', NULL, NULL),
(174, 'K1GVF2HiFrGcFXGUF0GFFcGBFyGfFFGeFQGqFKGdEuGUFKGcFmGtFFI5FxHJFMGtGPGnFAHcFUHAFdGYFsHUFVHtG8', '358405571964', '2012-12-21 14:51:44', 0, 'Jatkasaari41_1', 180, '2012-12-20 09:04:00', NULL, NULL),
(175, 'H1021#225H2033#134', '358401956721', '2012-12-21 14:51:44', 1, 'P11Siltakylanjoki', 148, '2012-12-20 09:00:00', 0.854671, 1.30955),
(176, 'H1015#062H2034#125', '358401956209', '2012-12-21 14:51:44', 1, 'P14Siltakylanjoki', 151, '2012-12-20 09:00:00', 0.595416, 1.321),
(177, 'H1012#192H2023#127', '358401956907', '2012-12-21 14:51:44', 1, 'P12Siltakylanjoki', 149, '2012-12-20 08:47:00', 0.498062, 0.917844),
(178, 'K1FrGRFYGkFOG5FDFoFnGGFXFeFbFdG7FZF6GKFlFuGCFWFsFeFfFTFKFbFtFLFqF0FPFOFdFqFRFEEdEy', '358403550283', '2012-12-21 14:51:44', 0, 'Putki5u', 161, '2012-12-20 08:27:00', NULL, NULL),
(179, 'K1GWGiFdHNFwGjG2HuFDHIFHGiGCFqGFGXFsGaFfH3F?G7', '358400391493', '2012-12-21 14:51:44', 0, 'LieKok240200', 109, '2012-12-20 08:27:00', NULL, NULL),
(180, 'K1FwF4G9G3G4FcH6FXG6FWGKFMFtFTGzFfFkFMGOFXGOFvGVGIGHFvGxFv', '358403550259', '2012-12-21 14:51:44', 0, 'LieKok240060u', 164, '2012-12-20 08:21:00', NULL, NULL),
(181, 'K1F?F0HiFsGmF7FVFEGXF1IBFeGcEyGFFmGeEyGAGHGrFAI7FZHGF3HVFjGqEuIRFgHAFHHHG0HHFOH3GAHRFVGfFl', '358405571934', '2012-12-21 14:51:44', 0, 'Jatkasaari41_2', 181, '2012-12-20 08:10:00', NULL, NULL),
(182, 'K1GVF2HiFrGcFWGUF1GFFdGBFyGfFFGeFQGqFKGdEuGVFKGcFmGuFFI5FwHJFMGtGPGnFAHdFUHAFdGYFsHUFVHtG8', '358405571964', '2012-12-21 14:51:44', 0, 'Jatkasaari41_1', 180, '2012-12-20 08:04:00', NULL, NULL),
(183, 'H1021#137H2030#041', '358401956804', '2012-12-21 14:51:44', 1, 'P13Siltakylanjoki', 150, '2012-12-20 08:00:00', 0.841243, 1.17817),
(184, 'K1FtFHG7GdFVFwFZFmG8FpG0FCFdFqGLG2G6G8GVF4GHFcG6FKGJFmGGFHFVFy', '358401956823', '2012-12-21 14:51:44', 0, 'PL2720u', 155, '2012-12-20 07:39:00', NULL, NULL),
(185, 'L1051#170L2025#224', '358405571962', '2012-12-21 14:51:45', 1, 'Loadcell', 179, '2012-12-20 07:13:00', 403.638, 303.232),
(186, 'K1F?F0HiFsGmF7FVFEGXF2IBFeGcEyGFFmGeEyGAGIGqFAI7FZHGF3HVFjGqEuIRFgH9FGHHG1HFFNH3GAHSFVGfFm', '358405571934', '2012-12-21 14:51:45', 0, 'Jatkasaari41_2', 181, '2012-12-20 07:10:00', NULL, NULL),
(187, 'K1GVF2HiFrGcFXGUF0GFFcGBFyGeFFGeFQGqFKGeEuGUFKGcFmGtFGI5FxHJFMGtGPGmFAHdFUHAFdGYFsHUFVHsG8', '358405571964', '2012-12-21 14:51:45', 0, 'Jatkasaari41_1', 180, '2012-12-20 07:04:00', NULL, NULL),
(188, 'H1012#123H2255#255', '358401257106', '2012-12-21 14:51:45', 1, 'P1Kymijoki', 143, '2012-12-20 07:00:00', 0.482773, NULL),
(189, 'K1FEFNF8FQFbFVFYFTEeFQFFFJFPFcFgFvFRF9', '358401956441', '2012-12-21 14:51:45', 0, 'Pikkala', 163, '2012-12-20 06:41:00', NULL, NULL),
(190, 'K1FNGjEaH1FAGcEPH1FHGGEaGdFAFuFUG2EzFzGOGmF3G1GMGGF8FuFMFJFjFBG5FEFNFHFOFHFvFNG9G5GAFNFpFmFyFr', '358401257115', '2012-12-21 14:51:45', 0, 'Savikyla4', 171, '2012-12-20 06:29:00', NULL, NULL),
(191, 'K1GGFAGLFIGYFWGTFSGLFGGnFcGsG1GfG0GUG5GbG7G?Gf', '358403503167', '2012-12-21 14:51:45', 0, 'KallolaMt1601', 58, '2012-12-20 06:09:00', NULL, NULL),
(192, 'K1F?E?HiFsGmF7FVFEGXF1IBFeGcEyGFFmGeEyGAGHGrFAI8FZHGF3HVFjGqEvIRFgHAFGHGG0HJFQH4GAHRFVGfFm', '358405571934', '2012-12-21 14:51:45', 0, 'Jatkasaari41_2', 181, '2012-12-20 06:10:00', NULL, NULL),
(193, 'K1GVF2HiFrGcFXGUF0GFFcGBFyGfFFGeFQGqFKGeEuGVFKGcFmGuFGI5FxHIFMGsGPGnFAHcFUH9FdGYFsHUFVHsG8', '358405571964', '2012-12-21 14:51:45', 0, 'Jatkasaari41_1', 180, '2012-12-20 06:04:00', NULL, NULL),
(194, 'H1016#022H2255#255', '358401257105', '2012-12-21 14:51:45', 1, 'P4Kymijoki', 146, '2012-12-20 06:00:00', 0.627287, NULL),
(195, 'K1G?FkHWFMHqGHHRFxG?G6H5G6G1FtGtGiGnG7H4GKGcGmGXGO', '358401257107', '2012-12-21 14:51:45', 0, 'S1uKymijoki', 157, '2012-12-20 06:01:00', NULL, NULL),
(196, 'H1016#223H2255#255', '358401257104', '2012-12-21 14:51:45', 1, 'P3Kymijoki', 145, '2012-12-20 06:00:00', 0.664483, NULL),
(197, 'L1051#164L2025#224', '358405571962', '2012-12-21 14:51:45', 1, 'Loadcell', 179, '2012-12-20 05:13:00', 403.455, 303.232),
(198, 'K1F?F0HiFsGmF7FVFEGXF1IBFeGbEyGFFmGeEyGAGHGrFAI7FaHGF3HVFjGqEvIRFgHAFHHHG0HIFOH4GAHSFVGfFm', '358405571934', '2012-12-21 14:51:45', 0, 'Jatkasaari41_2', 181, '2012-12-20 05:10:00', NULL, NULL),
(199, 'K1GVF2HiFrGcFXGUF0GFFcGBFyGfFFGeFQGqFKGdEuGVFKGcFmGtFFI5FxHIFMGsGPGnFAHdFTHAFdGYFsHUFVHtG8', '358405571964', '2012-12-21 14:51:45', 0, 'Jatkasaari41_1', 180, '2012-12-20 05:04:00', NULL, NULL),
(200, 'K1ExFMFlFaFdFPFaFhFBF?FWGFFTFgFgFuFIFsFCFfFFGTEqFo', '358401257114', '2012-12-21 14:51:45', 0, 'S2Kymijoki', 142, '2012-12-20 05:02:00', NULL, NULL),
(201, 'H1017#083H2255#255', '358400305584', '2012-12-21 14:51:45', 1, 'P2Kymijoki', 144, '2012-12-20 05:00:00', 0.685177, NULL),
(202, 'K1G8GRH7FqGCGDF?F4FuGUFvGbF?GSFZGUFtGMGeHQ', '358400341577', '2012-12-21 14:51:45', 0, 'Vanamontie', 173, '2012-12-20 04:48:00', NULL, NULL),
(203, 'K1FYEdFdECFdElGqFqF9ECGdEQG7EuGZEmGDEUGZE3HNEVGRFJGtEaGyEzGxEqG0FCGAFAFqE7', '358403519927', '2012-12-21 14:51:45', 0, 'PL1250', 102, '2012-12-20 04:37:00', NULL, NULL),
(204, 'K1F?F0HiFsGmF7FVFEGXF1IBFeGcExGFFmGeEyGBGHGrFAI7FZHGF3HVFjGqEvIRFgH9FGHHG1HKFQH4GAHRFVGfFm', '358405571934', '2012-12-21 14:51:45', 0, 'Jatkasaari41_2', 181, '2012-12-20 04:10:00', NULL, NULL),
(205, 'K1EyG9EVGREuGVFWFnEQFlEjGLEvG3EbGoETFqFHFCEjGMF4FTFCFmFNFoEoGE', '358401257120', '2012-12-21 14:51:45', 0, 'PL150', 111, '2012-12-20 04:07:00', NULL, NULL),
(206, 'K1GVF2HiFrGcFXGUF0GFFcGBFyGfFFGeFQGqFKGdEuGVFKGcFmGuFFI5FxHJFMGsGPGmFAHcFUHAFdGYFsHUFVHsG8', '358405571964', '2012-12-21 14:51:46', 0, 'Jatkasaari41_1', 180, '2012-12-20 04:04:00', NULL, NULL),
(207, 'L1051#178L2025#224', '358405571962', '2012-12-21 14:51:46', 1, 'Loadcell', 179, '2012-12-20 03:13:00', 403.882, 303.232),
(208, 'K1F?F0HiFsGmF7FVFEGXF1IBFeGcEyGFFmGeEyGAGHGqFAI7FZHGF3HVFjGqEuIRFgH9FHHHG1HKFRH4GAHSFVGfFm', '358405571934', '2012-12-21 14:51:46', 0, 'Jatkasaari41_2', 181, '2012-12-20 03:10:00', NULL, NULL),
(209, 'K1GVF2HiFsGcFXGUF1GFFcGBFyGfFFGeFQGqFKGdEuGUFKGcFmGuFFI5FxHJFMGtGPGnFAHdFUHAFdGYFsHUFVHtG8', '358405571964', '2012-12-21 14:51:46', 0, 'Jatkasaari41_1', 180, '2012-12-20 03:04:00', NULL, NULL),
(210, 'K1G7GRH7FsGCGCF?F3FvGUFuGaF?GTFZGTFtGMGeHQ', '358400341577', '2012-12-21 14:51:46', 0, 'Vanamontie', 173, '2012-12-20 02:48:00', NULL, NULL),
(211, 'K1FDGpFVFxFqGtFSGtEzGRFzGOFFG9F2HAFeFyG0GZFNGcFTGOF7Gv', '358403520806', '2012-12-21 14:51:46', 0, 'Putki6', 94, '2012-12-20 02:32:00', NULL, NULL),
(212, 'K1F?F0HiFsGmF7FVFEGXF1IBFeGbEyGFFmGeEyGAGHGrFAI7FZHGF3HVFjGqEuIRFhH9FGHGG0HLFRH3GAHRFVGfFm', '358405571934', '2012-12-21 14:51:46', 0, 'Jatkasaari41_2', 181, '2012-12-20 02:10:00', NULL, NULL),
(213, 'K1GVF2HiFrGcFXGUF1GFFcGBFyGeFFGdFQGqFKGdEuGVFKGcFmGtFFI5FwHJFMGsGOGnFAHdFUHAFdGYFsHUFVHtG8', '358405571964', '2012-12-21 14:51:47', 0, 'Jatkasaari41_1', 180, '2012-12-20 02:04:00', NULL, NULL),
(214, 'K1ZZZ0', '358403551618', '2012-12-21 14:51:47', 0, 'Putki8', 96, '2012-12-20 02:01:00', NULL, NULL),
(215, 'K1G8GRH8FrGCGDF?F3FvGUFuGaF?GTFZGUFtGMGeHQ', '358400341577', '2012-12-21 14:51:47', 0, 'Vanamontie', 173, '2012-12-20 01:48:00', NULL, NULL),
(216, 'R1BgBiE7BrBoBmBsCE', '358403520785', '2012-12-21 14:51:47', 0, 'PepaA', 135, '2012-12-20 01:03:00', NULL, NULL),
(217, 'L1051#187L2025#224', '358405571962', '2012-12-21 14:51:47', 1, 'Loadcell', 179, '2012-12-20 01:13:00', 404.157, 303.232),
(218, 'K1F?F0HiFsGmF7FVFEGXF1IBFeGcEyGFFmGeEyGAGHGrFAI8FZHGF3HVFjGqEuIRFgH9FHHHG0HMFRH3GAHRFVGfFl', '358405571934', '2012-12-21 14:51:47', 0, 'Jatkasaari41_2', 181, '2012-12-20 01:10:00', NULL, NULL),
(219, 'K1GVF2HiFrGcFXGUF1GFFcGBFyGfFFGeFQGqFKGdEuGVFKGcFmGtFFI5FxHJFMGsGPGnFAHcFUHAFdGYFsHUFVHtG8', '358405571964', '2012-12-21 14:51:47', 0, 'Jatkasaari41_1', 180, '2012-12-20 01:04:00', NULL, NULL),
(220, 'K1HiFyGiGFGZFeHHG5GuGYHVFkGyGCGTG7GkGAGgFqF?G5G9H5GjGeGNFqGYGMGUGAGRGAGMF?G4F?F6G7', '358401956927', '2012-12-21 14:51:47', 0, 'Putki1u', 160, '2012-12-20 01:03:00', NULL, NULL),
(221, 'K1FnGOFFGBFSH6FJHEFDGuFhG0EpGQFsFsFLG6EuGDE?GRFTGpF8GcFgGtEdGMEZGgFbGNE0FJ', '358403550218', '2012-12-21 14:51:47', 0, 'Putki4u', 167, '2012-12-20 01:01:00', NULL, NULL),
(222, 'H1012#120H2255#255', '358401257106', '2012-12-21 14:51:47', 1, 'P1Kymijoki', 143, '2012-12-20 01:00:00', 0.482317, NULL),
(223, 'K1FEFMF7FQFbFVFYFUEeFRFFFJFOFbFgFvFRF9', '358401956441', '2012-12-21 14:51:47', 0, 'Pikkala', 163, '2012-12-20 00:41:00', NULL, NULL),
(224, 'K1GGFAGLFIGYFWGTFTGLFGGoFcGsG1GfG0GUG5GbG7G?Gd', '358403503167', '2012-12-21 14:51:47', 0, 'KallolaMt1601', 58, '2012-12-20 00:09:00', NULL, NULL),
(225, 'K1F?F0HiFsGmF7FVFEGXF1IBFeGcExGFFmGeEyGAGHGqFAI7FZHGF3HVFjGqEvIRFgH9FGHHG0HLFRH4GAHSFVGfFl', '358405571934', '2012-12-21 14:51:47', 0, 'Jatkasaari41_2', 181, '2012-12-20 00:10:00', NULL, NULL),
(226, 'K1GVF2HiFrGcFXGUF0GFFcGBFyGfFFGeFQGqFKGdEuGUFJGcFmGuFFI5FxHIFNGsGOGnFAHdFUHAFdGYFsHUFVHtG8', '358405571964', '2012-12-21 14:51:47', 0, 'Jatkasaari41_1', 180, '2012-12-20 00:04:00', NULL, NULL),
(227, 'K1G4FrGbFtGoFVGGFVGoFrGOFoGYG6HGGOGpGJGUFxGRG6GQFmGNGUG8GeGHGZH0FRFzGH', '358403551752', '2012-12-21 14:51:47', 0, 'Putki9u', 168, '2012-12-20 00:01:00', NULL, NULL),
(228, 'H1016#017H2255#255', '358401257105', '2012-12-21 14:51:47', 1, 'P4Kymijoki', 146, '2012-12-20 00:00:00', 0.626522, NULL),
(229, 'K1G?FkHWFMHqGGHRFwG?G6H5G6G0FtGtGjGnG7H5GKGdGmGXGP', '358401257107', '2012-12-21 14:51:47', 0, 'S1uKymijoki', 157, '2012-12-20 00:01:00', NULL, NULL),
(230, 'H1016#225H2255#255', '358401257104', '2012-12-21 14:51:47', 1, 'P3Kymijoki', 145, '2012-12-20 00:00:00', 0.664792, NULL),
(231, 'K1G7GSH8FsGCGDF?F5FvGUFvGaF?GTFZGUFtGMGeHQ', '358400341577', '2012-12-21 14:51:47', 0, 'Vanamontie', 173, '2012-12-19 23:48:00', NULL, NULL),
(232, 'L1051#191L2025#224', '358405571962', '2012-12-21 14:51:47', 1, 'Loadcell', 179, '2012-12-19 23:13:00', 404.279, 303.232),
(233, 'K1F?F0HiFsGmF7FVFEGXF1IBFeGcEyGFFmGeEyGAGHGrFAI7FZHGF3HVFjGqEvIRFgH9FGHHG0HLFRH3GAHSFVGfFm', '358405571934', '2012-12-21 14:51:47', 0, 'Jatkasaari41_2', 181, '2012-12-19 23:10:00', NULL, NULL),
(234, 'K1GVF2HiFrGcFXGUF0GFFcGBFyGfFFGeFQGqFKGdEuGVFKGcFmGtFGI5FxHJFMGtGOGnFAHdFUHAFdGYFsHUFVHtG8', '358405571964', '2012-12-21 14:51:47', 0, 'Jatkasaari41_1', 180, '2012-12-19 23:04:00', NULL, NULL),
(235, 'K1EvFNFjFYFdFSFYFbFBF?FWGGFUFfFgFvFIFtFAFeFGGTEpFo', '358401257114', '2012-12-21 14:51:47', 0, 'S2Kymijoki', 142, '2012-12-19 23:02:00', NULL, NULL),
(236, 'H1017#083H2255#255', '358400305584', '2012-12-21 14:51:47', 1, 'P2Kymijoki', 144, '2012-12-19 23:00:00', 0.685177, NULL),
(237, 'K1G7GSH8FqGCGCF?F4FvGUFuGbF?GSFZGUFtGMGeHQ', '358400341577', '2012-12-21 14:51:48', 0, 'Vanamontie', 173, '2012-12-19 22:48:00', NULL, NULL),
(238, 'K1ZZZ0', '358401956694', '2012-12-21 14:51:48', 0, 'PL2660u', 154, '2012-12-19 22:37:00', NULL, NULL),
(239, 'K1F?F0HiFsGmF7FVFEGXF1IBFeGcExGFFmGeEyGAGHGrFAI8FZHGF3HVFjGqEvIRFgH9FGHHG0HLFRH4GAHSFVGfFm', '358405571934', '2012-12-21 14:51:48', 0, 'Jatkasaari41_2', 181, '2012-12-19 22:10:00', NULL, NULL),
(240, 'K1GVF2HiFrGcFXGUF0GFFcGBFyGfFFGeFQGqFKGdEuGVFKGcFmGtFFI5FxHIFMGtGPGnFAHdFUHAFdGYFsHUFVHtG8', '358405571964', '2012-12-21 14:51:48', 0, 'Jatkasaari41_1', 180, '2012-12-19 22:04:00', NULL, NULL),
(241, 'K1FtE3FiD?FjFFExEmFYE?FeFFFmF6EhEsFpE?FfEpFYE', '358401257112', '2012-12-21 14:51:48', 0, 'Raappavuori', 120, '2012-12-19 22:03:00', NULL, NULL),
(242, 'K1GTFhGNGFGnFeGHFkGfFqH4FqG?G8GwFlGxG5GrG1GeFtHHFp', '358401257103', '2012-12-21 14:51:48', 0, 'Inklino3', 140, '2012-12-19 22:02:00', NULL, NULL),
(243, 'K1G7GSH8FrGBGBF?F3FvGUFuGbF?GTFZGUFsGMGeHP', '358400341577', '2012-12-21 14:51:48', 0, 'Vanamontie', 173, '2012-12-19 21:48:00', NULL, NULL),
(244, 'R1FiFgFhFgFdFaFWFQFLFFF8F2EyEoEjEWEPEIEAE2DyDtDnDkDeDL', '358401956157', '2012-12-21 14:51:48', 0, 'Luoman_seisake', 152, '2012-12-19 21:18:00', NULL, NULL),
(245, 'L1051#188L2025#224', '358405571962', '2012-12-21 14:51:48', 1, 'Loadcell', 179, '2012-12-19 21:13:00', 404.187, 303.232),
(246, 'K1F?F0HiFsGmF7FVFEGXF1IBFeGcExGFFmGeEyGAGHGrFAI7FZHGF3HVFjGqEuIRFgH9FFHHG0HLFRH4GAHRFVGfFl', '358405571934', '2012-12-21 14:51:48', 0, 'Jatkasaari41_2', 181, '2012-12-19 21:10:00', NULL, NULL),
(247, 'K1GVF2HiFrGcFXGUF0GFFcGBFyGfFFGeFQGqFKGeEuGVFKGcFmGuFGI5FxHIFMGsGPGnFAHdFUHAFdGYFsHUFVHtG8', '358405571964', '2012-12-21 14:51:48', 0, 'Jatkasaari41_1', 180, '2012-12-19 21:04:00', NULL, NULL),
(248, 'K1GzF?GIG?GlGoGwHKG8GlHlH1H8HGHYHAHVH5HIHdHIHGHaHAHVHPGkHEH6GXHGHM', '358401257102', '2012-12-21 14:51:48', 0, 'Inklino2', 139, '2012-12-19 21:03:00', NULL, NULL),
(249, 'H1021#230H2033#137', '358401956721', '2012-12-21 14:51:48', 1, 'P11Siltakylanjoki', 148, '2012-12-19 21:00:00', 0.855434, 1.31001),
(250, 'H1015#066H2034#106', '358401956209', '2012-12-21 14:51:48', 1, 'P14Siltakylanjoki', 151, '2012-12-19 21:00:00', 0.596026, 1.31807),
(251, 'H1012#192H2023#137', '358401956907', '2012-12-21 14:51:48', 1, 'P12Siltakylanjoki', 149, '2012-12-19 20:47:00', 0.498062, 0.91937),
(252, 'K1FrGSFYGkFOG5FDFoFnGGFYFeFbFdG7FZF6GKFlFuGCFWFtFfFfFTFKFbFtFLFqF0FPFOFdFqFRFEEcEy', '358403550283', '2012-12-21 14:51:48', 0, 'Putki5u', 161, '2012-12-19 20:27:00', NULL, NULL),
(253, 'K1GVGiFnHSFwGkG2HwFEHMFLGmGDFnGHGWFsGYFeH2F?G7', '358400391493', '2012-12-21 14:51:48', 0, 'LieKok240200', 109, '2012-12-19 20:27:00', NULL, NULL),
(254, 'K1FxF4G8G2G4FbH6FWG7FWGKFMFtFTGzFfFkFMGOFXGPFvGVGIGHFwGxFv', '358403550259', '2012-12-21 14:51:48', 0, 'LieKok240060u', 164, '2012-12-19 20:21:00', NULL, NULL),
(255, 'K1F?F0HiFsGmF7FVFEGXF1IBFeGcEyGFFmGeEyGAGHGrFAI7FZHGF3HVFjGqEvIRFhH9FGHHG1HLFRH4GAHRFVGfFl', '358405571934', '2012-12-21 14:51:48', 0, 'Jatkasaari41_2', 181, '2012-12-19 20:10:00', NULL, NULL),
(256, 'K1GVF2HiFrGcFXGUF1GFFcGBFyGfFFGeFQGqFKGeEuGVFKGcFmGtFFI5FxHJFMGtGOGnFAHdFUHAFdGYFsHUFWHtG8', '358405571964', '2012-12-21 14:51:49', 0, 'Jatkasaari41_1', 180, '2012-12-19 20:04:00', NULL, NULL),
(257, 'K1G8HnGMHkGiHDGwHoGxHYGkHPGVHHG?HoGaH8GVGwG?H4HFH6HAGq', '358401257101', '2012-12-21 14:51:49', 0, 'Inklino1', 138, '2012-12-19 20:03:00', NULL, NULL),
(258, 'K1G5GYGFGFGhGPF?GVFYG3G9GHFBF?FHF?EmGfEsGeEAFU', '358403520948', '2012-12-21 14:51:49', 0, '3660o', 86, '2012-12-19 20:03:00', NULL, NULL),
(259, 'H1021#128H2030#039', '358401956804', '2012-12-21 14:51:49', 1, 'P13Siltakylanjoki', 150, '2012-12-19 20:00:00', 0.839869, 1.17786),
(260, 'L1051#195L2025#225', '358405571962', '2012-12-21 14:51:49', 1, 'Loadcell', 179, '2012-12-19 19:13:00', 404.401, 303.278),
(261, 'K1F?F0HiFsGmF7FVFEGXF1IBFeGcEyGFFmGeEyGBGHGrFAI7FZHGF3HVFjGqEvIRFgH9FGHHG0HKFQH3GAHRFVGfFm', '358405571934', '2012-12-21 14:51:49', 0, 'Jatkasaari41_2', 181, '2012-12-19 19:10:00', NULL, NULL),
(262, 'K1GVF2HiFrGcFXGUF1GFFcGBFyGfFFGeFQGqFKGdEuGVFKGcFmGuFFI5FxHIFMGsGOGnFAHcFUHAFdGYFsHUFVHsG8', '358405571964', '2012-12-21 14:51:49', 0, 'Jatkasaari41_1', 180, '2012-12-19 19:04:00', NULL, NULL),
(263, 'H1012#123H2255#255', '358401257106', '2012-12-21 14:51:49', 1, 'P1Kymijoki', 143, '2012-12-19 19:00:00', 0.482773, NULL),
(264, 'K1G8GSH9FrGCGCF?F3FvGUFuGaF?GSFaGTFsGMGdHQ', '358400341577', '2012-12-21 14:51:49', 0, 'Vanamontie', 173, '2012-12-19 18:48:00', NULL, NULL),
(265, 'K1FNGjEaH2FAGcEPH1FHGGEaGdFAFuFUG2EzFzGOGmF3G1GMGHF9FuFMFKFjFBG5FDFOFHFOFHFwFNG9G5GAFNFpFmFyFr', '358401257115', '2012-12-21 14:51:49', 0, 'Savikyla4', 171, '2012-12-19 18:29:00', NULL, NULL),
(266, 'K1GGFBGLFIGYFWGTFSGLFGGoFcGtG1GfG0GUG5GbG8G?Ge', '358403503167', '2012-12-21 14:51:49', 0, 'KallolaMt1601', 58, '2012-12-19 18:09:00', NULL, NULL),
(267, 'K1F?F0HiFsGmF7FVFEGXF1IBFeGcExGFFmGeEyGAGHGrFAI8FZHGF3HVFjGqEvIRFhH9FGHHG1HKFQH4GAHSFVGfFm', '358405571934', '2012-12-21 14:51:49', 0, 'Jatkasaari41_2', 181, '2012-12-19 18:10:00', NULL, NULL),
(268, 'K1GVF2HiFsGcFXGUF0GFFcGBFyGeFFGeFQGqFKGeEuGVFKGcFmGuFFI5FxHIFMGsGOGnFAHdFUHAFdGYFsHUFVHsG8', '358405571964', '2012-12-21 14:51:49', 0, 'Jatkasaari41_1', 180, '2012-12-19 18:04:00', NULL, NULL),
(269, 'H1016#020H2255#255', '358401257105', '2012-12-21 14:51:49', 1, 'P4Kymijoki', 146, '2012-12-19 18:00:00', 0.626981, NULL),
(270, 'K1G?FkHWFMHpGGHSFyG?G6H5G6G1FtGtGiGnG7H5GKGdGmGXGO', '358401257107', '2012-12-21 14:51:49', 0, 'S1uKymijoki', 157, '2012-12-19 18:01:00', NULL, NULL),
(271, 'H1016#219H2255#255', '358401257104', '2012-12-21 14:51:49', 1, 'P3Kymijoki', 145, '2012-12-19 18:00:00', 0.663865, NULL),
(272, 'L1051#178L2025#224', '358405571962', '2012-12-21 14:51:49', 1, 'Loadcell', 179, '2012-12-19 17:13:00', 403.882, 303.232),
(273, 'K1F?F0HiFsGmF7FVFEGXF1IBFeGcEyGFFmGeEyGBGHGrFAI7FZHGF3HVFjGqEuIRFgH9FGHHG0HKFRH4GAHRFVGfFm', '358405571934', '2012-12-21 14:51:49', 0, 'Jatkasaari41_2', 181, '2012-12-19 17:10:00', NULL, NULL),
(274, 'K1GVF2HiFsGcFXGUF0GFFcGBFyGfFFGeFQGqFKGeEuGVFKGcFmGuFFI5FxHJFMGsGPGnFAHdFUHAFdGYFsHUFWHtG8', '358405571964', '2012-12-21 14:51:49', 0, 'Jatkasaari41_1', 180, '2012-12-19 17:04:00', NULL, NULL),
(275, 'K1E?FHFmFZFbFVFaFeFBG0FVGHFUFfFhFvFHFtFBFeFFGUEqFo', '358401257114', '2012-12-21 14:51:49', 0, 'S2Kymijoki', 142, '2012-12-19 17:02:00', NULL, NULL),
(276, 'K1F6GpHlGAZZZZFnGAF4GVEqFrEhG0ElGqHIHPZZZZErGbF4FlF9GiFAGVZZZZS0GGFiGRZZZZGcGW', '358403502538', '2012-12-21 14:51:49', 0, 'PL650', 9, '2012-12-19 16:57:00', NULL, NULL),
(277, 'H1017#089H2255#255', '358400305584', '2012-12-21 14:51:49', 1, 'P2Kymijoki', 144, '2012-12-19 17:00:00', 0.686104, NULL),
(278, 'K1F?F0HiFtGmF7FVFEGXF1IBFeGcExGFFmGeEyGBGHGrFAI8FZHGF3HVFjGqEuIRFhH9FGHHG0HLFRH4GBHSFVGfFm', '358405571934', '2012-12-21 14:51:50', 0, 'Jatkasaari41_2', 181, '2012-12-19 16:10:00', NULL, NULL),
(279, 'K1GVF2HiFrGcFXGUF0GFFcGBFyGfFFGeFQGqFKGeEuGVFKGcFmGuFFI5FxHJFMGtGPGnFAHdFUHAFdGYFsHUFWHtG8', '358405571964', '2012-12-21 14:51:50', 0, 'Jatkasaari41_1', 180, '2012-12-19 16:04:00', NULL, NULL),
(280, 'L1115#050L2119#119', '358503221029', '2012-12-21 14:51:50', 1, 'Loadcell', 179, '2012-12-19 15:55:00', 899.991, 1400.02),
(281, 'K1FLFPFWFyFOFkFYFjZZZZFzFqG3G3GHFiFcFiFlFj', '358403500976', '2012-12-21 14:51:50', 0, 'HmlKm104', 15, '2012-12-19 16:04:00', NULL, NULL),
(282, 'L1051#179L2025#224', '358405571962', '2012-12-21 14:51:50', 1, 'Loadcell', 179, '2012-12-19 15:13:00', 403.912, 303.232),
(283, 'K1F?F0HiFtGmF7FVFEGXF1IBFeGcExGGFmGfEyGBGHGrFAI7FaHGF3HVFjGqEvIRFhH9FGHHG0HLFRH4GAHSFVGfFm', '358405571934', '2012-12-21 14:51:50', 0, 'Jatkasaari41_2', 181, '2012-12-19 15:10:00', NULL, NULL),
(284, 'K1GVF3HiFsGcFXGUF1GFFcGBFyGfFFGeFQGrFKGdEuGVFKGcFmGuFGI5FxHJFMGtGPGnFAHdFUHAFdGYFsHUFWHtG8', '358405571964', '2012-12-21 14:51:50', 0, 'Jatkasaari41_1', 180, '2012-12-19 15:04:00', NULL, NULL),
(285, 'K1FvGaFnGjF3GbFdGAFlGMGIGRFBGyFUGbFGGdFHFuEOGC', '358403520916', '2012-12-21 14:51:50', 0, '3720o', 87, '2012-12-19 15:02:00', NULL, NULL),
(286, 'K1FmGFG8GrFwHLGOGkF0GRFsGA', '358403520931', '2012-12-21 14:51:50', 0, '3740v', 88, '2012-12-19 15:02:00', NULL, NULL),
(287, 'K1FDGpFVFyFqGtFSGsE?GSFzGOFFG9F3HAFeFyG0GZFNGcFTGOF7Gv', '358403520806', '2012-12-21 14:51:50', 0, 'Putki6', 94, '2012-12-19 14:32:00', NULL, NULL),
(288, 'K1F?F0HiFsGmF7FVFEGXF1IBFeGcExGGFmGeEyGBGHGrFAI8FZHGF3HVFkGqEvIRFhH9FGHHG1HKFRH3GAHRFWGfFm', '358405571934', '2012-12-21 14:51:50', 0, 'Jatkasaari41_2', 181, '2012-12-19 14:10:00', NULL, NULL),
(289, 'K1GVF2HjFsGcFXGUF0GFFcGBFyGfFFGeFQGqFKGeEuGVFKGcFmGuFFI5FxHJFNGtGPGnFAHdFUHAFdGYFsHUFWHsG9', '358405571964', '2012-12-21 14:51:50', 0, 'Jatkasaari41_1', 180, '2012-12-19 14:04:00', NULL, NULL),
(290, 'K1ZZZ0', '358403551618', '2012-12-21 14:51:50', 0, 'Putki8', 96, '2012-12-19 14:01:00', NULL, NULL),
(291, 'L1051#190L2025#227', '358405571962', '2012-12-21 14:51:50', 1, 'Loadcell', 179, '2012-12-19 13:13:00', 404.248, 303.369),
(292, 'K1F?F0HiFsGmF7FVFEGXF1IBFeGcEyGGFmGeEyGAGHGrFAI7FZHGF3HVFjGqEvIRFgH9FGHHG0HLFRH4GBHSFVGfFm', '358405571934', '2012-12-21 14:51:50', 0, 'Jatkasaari41_2', 181, '2012-12-19 13:10:00', NULL, NULL),
(293, 'K1HiFyGiGFGZFeHHG5GuGXHVFkGyGCGSG7GkGAGgFqFzG5G9H5GjGeGNFqGYGLGUGAGRGAGMF?G4F?F6G6', '358401956927', '2012-12-21 14:51:50', 0, 'Putki1u', 160, '2012-12-19 13:03:00', NULL, NULL),
(294, 'K1GVF2HiFsGcFXGUF1GFFcGBFyGfFFGeFQGqFKGeEuGVFKGcFmGuFFI6FxHJFMGtGPGnFAHcFUHAFdGYFtHUFWHtG8', '358405571964', '2012-12-21 14:51:50', 0, 'Jatkasaari41_1', 180, '2012-12-19 13:04:00', NULL, NULL),
(295, 'K1FnGNFFGBFSH6FJHEFDGuFhG0EqGQFsFsFKG6EuGCE?GRFTGpF8GbFgGtEdGMEZGfFbGNE0FI', '358403550218', '2012-12-21 14:51:51', 0, 'Putki4u', 167, '2012-12-19 13:01:00', NULL, NULL),
(296, 'H1012#123H2255#255', '358401257106', '2012-12-21 14:51:51', 1, 'P1Kymijoki', 143, '2012-12-19 13:00:00', 0.482773, NULL),
(297, 'K1GGFAGLFIGYFWGTFTGLFFGoFcGsG1GfG0GUG5GbG7G?Ge', '358403503167', '2012-12-21 14:51:51', 0, 'KallolaMt1601', 58, '2012-12-19 12:09:00', NULL, NULL),
(298, 'K1F?F0HiFsGmF7FVFEGXF1IBFeGcExGGFmGeEyGBGHGrFAI8FZHGF3HVFkGqEvIRFhH9FGHHG1HKFRH3GBHSFVGfFm', '358405571934', '2012-12-21 14:51:51', 0, 'Jatkasaari41_2', 181, '2012-12-19 12:10:00', NULL, NULL),
(299, 'K1GVF3HjFsGcFXGUF0GFFcGBFyGfFFGeFQGrFKGeEuGVFKGcFmGuFGI5FxHIFNGsGPGnFAHdFUH9FdGYFsHUFWHtG9', '358405571964', '2012-12-21 14:51:51', 0, 'Jatkasaari41_1', 180, '2012-12-19 12:04:00', NULL, NULL),
(300, 'K1G4FrGbFtGoFVGGFVGoFrGPFoGYG6HGGOGpGJGUFxGSG6GQFmGNGUG8GfGHGZH0FRFzGH', '358403551752', '2012-12-21 14:51:51', 0, 'Putki9u', 168, '2012-12-19 12:01:00', NULL, NULL),
(301, 'H1016#024H2255#255', '358401257105', '2012-12-21 14:51:51', 1, 'P4Kymijoki', 146, '2012-12-19 12:00:00', 0.627593, NULL),
(302, 'K1G?FkHVFMHpGHHSFyG?G6H6G6G1FtGtGjGnG6H4GKGcGmGXGP', '358401257107', '2012-12-21 14:51:51', 0, 'S1uKymijoki', 157, '2012-12-19 12:01:00', NULL, NULL),
(303, 'H1016#220H2255#255', '358401257104', '2012-12-21 14:51:51', 1, 'P3Kymijoki', 145, '2012-12-19 12:00:00', 0.664019, NULL),
(304, 'L1051#200L2025#230', '358405571962', '2012-12-21 14:51:51', 1, 'Loadcell', 179, '2012-12-19 11:13:00', 404.553, 303.507),
(305, 'K1F?F0HiFsGmF7FVFEGXF1IBFeGcEyGGFmGeEyGBGIGrFAI8FZHGF4HVFkGqEvIRFhH9FGHHG1HJFQH3GBHRFVGfFm', '358405571934', '2012-12-21 14:51:51', 0, 'Jatkasaari41_2', 181, '2012-12-19 11:10:00', NULL, NULL),
(306, 'K1GVF2HiFrGcFXGUF0GFFcGBFyGfFFGeFQGrFKGeEuGVFKGdFmGuFGI5FxHJFMGsGPGnFAHdFUHAFdGYFtHUFWHtG9', '358405571964', '2012-12-21 14:51:51', 0, 'Jatkasaari41_1', 180, '2012-12-19 11:04:00', NULL, NULL),
(307, 'K1EuFRFkFYFiFRFYFcFCG1FVGGFUFfFhFvFGFtFAFfFFGSEqFq', '358401257114', '2012-12-21 14:51:51', 0, 'S2Kymijoki', 142, '2012-12-19 11:02:00', NULL, NULL),
(308, 'H1017#084H2255#255', '358400305584', '2012-12-21 14:51:51', 1, 'P2Kymijoki', 144, '2012-12-19 11:00:00', 0.685332, NULL),
(309, 'K1F?F0HiFsGmF7FVFEGXF1IBFeGcExGGFmGfEyGBGHGrFAI7FaHGF4HVFkGqEvIRFhHAFHHHG1HKFRH3GBHRFVGfFm', '358405571934', '2012-12-21 14:51:51', 0, 'Jatkasaari41_2', 181, '2012-12-19 10:10:00', NULL, NULL),
(310, 'K1GVF3HiFsGcFXGUF1GFFcGBFyGfFFGeFQGrFKGeEuGVFKGcFmGuFGI5FxHJFNGsGPGnFAHcFUH9FdGYFsHUFWHsG8', '358405571964', '2012-12-21 14:51:51', 0, 'Jatkasaari41_1', 180, '2012-12-19 10:04:00', NULL, NULL),
(311, 'R1FiFgFhFhFdFaFWFRFMFGF9F2EyEoEkEXEPEIEAE2DzDtDnDlDhDR', '358401956157', '2012-12-21 14:51:51', 0, 'Luoman_seisake', 152, '2012-12-19 09:18:00', NULL, NULL),
(312, 'L1051#193L2025#224', '358405571962', '2012-12-21 14:51:51', 1, 'Loadcell', 179, '2012-12-19 09:13:00', 404.34, 303.232),
(313, 'K1F?F0HiFtGmF7FVFEGXF1IBFdGcExGGFmGfEyGBGHGrFAI8FaHGF3HUFkGqEvIRFhH9FHHHG1HKFQH4GBHSFVGfFm', '358405571934', '2012-12-21 14:51:51', 0, 'Jatkasaari41_2', 181, '2012-12-19 09:10:00', NULL, NULL),
(314, 'K1GVF2HiFrGcFXGUF0GFFcGBFyGfFFGeFQGrFKGeEuGVFKGcFnGtFGI5FxHIFMGsGPGnFAHdFUHAFdGYFsHUFWHtG9', '358405571964', '2012-12-21 14:51:51', 0, 'Jatkasaari41_1', 180, '2012-12-19 09:04:00', NULL, NULL);

-- --------------------------------------------------------

--
-- Structure de la table `submenu`
--

CREATE TABLE IF NOT EXISTS `submenu` (
  `id` int(11) NOT NULL AUTO_INCREMENT,
  `menu_id` int(11) NOT NULL,
  `title_en` varchar(128) COLLATE utf8_unicode_ci NOT NULL,
  `title_fi` varchar(128) COLLATE utf8_unicode_ci NOT NULL,
  `title_kr` varchar(128) COLLATE utf8_unicode_ci NOT NULL,
  `module_id` int(11) NOT NULL,
  `position` int(11) NOT NULL,
  `status` int(1) NOT NULL,
  `created_date` datetime NOT NULL,
  `created_by` int(11) NOT NULL,
  PRIMARY KEY (`id`)
) ENGINE=InnoDB  DEFAULT CHARSET=utf8 COLLATE=utf8_unicode_ci AUTO_INCREMENT=29 ;

--
-- Contenu de la table `submenu`
--

INSERT INTO `submenu` (`id`, `menu_id`, `title_en`, `title_fi`, `title_kr`, `module_id`, `position`, `status`, `created_date`, `created_by`) VALUES
(4, 6, 'Email config', 'Sähköposti config', '이메일 설정', 2, 2, 1, '2012-12-14 07:52:18', 50),
(5, 6, 'Users', 'Käyttäjät', '사용자', 3, 9, 1, '2012-12-14 07:53:12', 50),
(6, 6, 'Roles', 'Roolit', '역할', 4, 10, 1, '2012-12-14 07:53:56', 50),
(8, 6, 'CMS', 'CMS', 'CMS', 6, 3, 1, '2012-12-14 07:56:03', 50),
(13, 6, 'Menu', 'Menu', '메뉴', 5, 4, 1, '2012-12-14 07:58:57', 50),
(16, 6, 'Email Templates', 'Email Templates', '이메일 템플릿', 9, 1, 1, '2013-01-07 15:40:18', 1),
(17, 5, 'Sites', 'Sites', '사이트', 10, 1, 1, '2013-01-08 15:54:48', 12),
(18, 5, 'Zones', 'Zones', 'Zones', 11, 2, 1, '2013-01-08 15:55:05', 12),
(19, 5, 'Device types', 'Device types', 'Device types', 12, 3, 0, '2013-01-08 15:56:44', 12),
(20, 5, 'Devices', 'Devices', 'Devices', 1, 4, 1, '2013-01-08 15:57:21', 12),
(21, 6, 'Types', 'Types', '유형', 13, 6, 1, '2013-01-09 06:19:15', 12),
(22, 6, 'Sub types', 'Sub types', '하위 유형', 14, 7, 1, '2013-01-09 06:19:31', 12),
(23, 6, 'Site setting', 'Site setting', '사이트 설정', 15, 5, 1, '2013-01-09 08:03:55', 12),
(24, 5, 'Measurements', 'Measurements', 'Measurements', 19, 8, 0, '2013-01-29 17:43:43', 12),
(25, 5, 'Alarms history', 'Alarms history', 'Alarms history', 22, 7, 1, '2013-02-28 11:12:27', 12),
(26, 5, 'Events', 'Events', 'Events', 20, 5, 1, '2013-03-04 06:52:30', 12),
(27, 5, 'Events - time based', 'Events - time based', 'Events - time based', 23, 6, 0, '2013-03-04 07:12:43', 12),
(28, 6, 'Units', 'Units', '단위', 24, 8, 1, '2013-03-19 11:43:02', 12);

-- --------------------------------------------------------

--
-- Structure de la table `sub_types`
--

CREATE TABLE IF NOT EXISTS `sub_types` (
  `id` int(11) NOT NULL AUTO_INCREMENT,
  `company_id` int(11) NOT NULL,
  `type_id` int(11) NOT NULL,
  `sub_type_name` varchar(255) COLLATE utf8_unicode_ci NOT NULL,
  `min` float NOT NULL,
  `max` float NOT NULL,
  `description` text COLLATE utf8_unicode_ci NOT NULL,
  `status` int(1) NOT NULL,
  `created_date` datetime NOT NULL,
  `created_by` int(11) NOT NULL,
  `units` varchar(255) COLLATE utf8_unicode_ci NOT NULL,
  PRIMARY KEY (`id`)
) ENGINE=InnoDB  DEFAULT CHARSET=utf8 COLLATE=utf8_unicode_ci AUTO_INCREMENT=22 ;

--
-- Contenu de la table `sub_types`
--

INSERT INTO `sub_types` (`id`, `company_id`, `type_id`, `sub_type_name`, `min`, `max`, `description`, `status`, `created_date`, `created_by`, `units`) VALUES
(1, 12, 1, 'CCTV', 100, 200, 'This is cctv type', 1, '2013-01-09 06:55:09', 12, ''),
(2, 12, 2, 'On/OFF', 0, 0, '', 1, '2013-01-09 06:58:05', 12, ''),
(4, 12, 3, 'Humidity', 0, 0, '', 1, '2013-01-09 06:58:42', 12, '14'),
(5, 12, 3, 'Luminance', 0, 0, '', 1, '2013-01-09 06:59:02', 12, '5,7,4,6'),
(6, 12, 3, 'Temperature', 0, 0, '', 1, '2013-01-09 06:59:09', 12, '3,1'),
(7, 12, 3, 'Unspecified', 0, 0, '', 1, '2013-01-09 06:59:16', 12, 'Unit'),
(8, 0, 2, 'Gas', 0, 0, 'Gas', 1, '2013-03-20 14:55:20', 12, ''),
(9, 0, 2, 'CO2', 0, 0, 'CO2', 1, '2013-03-20 15:17:51', 12, '8'),
(10, 0, 3, 'Pressure', 0, 0, 'Pressure\r\n', 1, '2013-03-20 15:18:04', 12, '9'),
(11, 0, 3, 'Power', 0, 0, 'Power', 1, '2013-03-20 15:18:21', 12, '12'),
(12, 0, 3, 'Energy', 0, 0, 'Energy\r\n', 1, '2013-03-20 15:18:41', 12, '13'),
(13, 0, 2, 'Smoke ', 0, 0, 'Smoke \r\n', 1, '2013-03-20 15:18:56', 12, ''),
(15, 0, 2, 'Window break', 0, 0, '', 1, '2013-03-28 10:53:36', 12, ''),
(16, 0, 2, 'Door switch', 0, 0, '', 1, '2013-03-28 10:53:48', 12, ''),
(17, 0, 2, 'Door bell', 0, 0, '', 1, '2013-03-28 10:54:09', 12, ''),
(18, 0, 3, 'Remote TV', 0, 0, '', 1, '2013-04-13 09:07:19', 12, ''),
(19, 0, 4, 'Air conditioner', 0, 0, '', 1, '2013-04-13 09:07:32', 12, ''),
(20, 0, 2, 'Motion detection', 0, 0, '', 1, '2013-04-17 20:40:55', 12, ''),
(21, 0, 2, 'Garage door', 0, 0, '', 1, '2013-04-17 20:41:26', 12, '');

-- --------------------------------------------------------

--
-- Structure de la table `test`
--

CREATE TABLE IF NOT EXISTS `test` (
  `value` int(11) NOT NULL
) ENGINE=InnoDB DEFAULT CHARSET=utf8 COLLATE=utf8_unicode_ci;

--
-- Contenu de la table `test`
--

INSERT INTO `test` (`value`) VALUES
(1),
(4),
(2),
(3);

-- --------------------------------------------------------

--
-- Structure de la table `types`
--

CREATE TABLE IF NOT EXISTS `types` (
  `id` int(11) NOT NULL AUTO_INCREMENT,
  `company_id` int(11) NOT NULL,
  `type_name` varchar(255) COLLATE utf8_unicode_ci NOT NULL,
  `description` text COLLATE utf8_unicode_ci NOT NULL,
  `status` int(1) NOT NULL,
  `created_date` datetime NOT NULL,
  `created_by` int(11) NOT NULL,
  PRIMARY KEY (`id`)
) ENGINE=InnoDB  DEFAULT CHARSET=utf8 COLLATE=utf8_unicode_ci AUTO_INCREMENT=6 ;

--
-- Contenu de la table `types`
--

INSERT INTO `types` (`id`, `company_id`, `type_name`, `description`, `status`, `created_date`, `created_by`) VALUES
(1, 12, 'Assests', 'This is assests', 1, '2013-01-09 06:31:30', 12),
(2, 12, 'Status', 'This is status type', 1, '2013-01-09 06:31:56', 12),
(3, 12, 'Measurements', 'This is measurements', 1, '2013-01-09 06:32:10', 12),
(4, 0, 'Adjustment', '', 1, '2013-04-18 10:24:49', 12),
(5, 0, 'Control', '', 1, '2013-04-18 10:25:03', 12);

-- --------------------------------------------------------

--
-- Structure de la table `units`
--

CREATE TABLE IF NOT EXISTS `units` (
  `id` int(11) NOT NULL AUTO_INCREMENT,
  `unit_name` varchar(30) COLLATE utf8_unicode_ci NOT NULL,
  `description` text COLLATE utf8_unicode_ci NOT NULL,
  `created_date` datetime NOT NULL,
  `created_by` int(11) NOT NULL,
  PRIMARY KEY (`id`),
  UNIQUE KEY `unit_name` (`unit_name`)
) ENGINE=InnoDB  DEFAULT CHARSET=utf8 COLLATE=utf8_unicode_ci AUTO_INCREMENT=15 ;

--
-- Contenu de la table `units`
--

INSERT INTO `units` (`id`, `unit_name`, `description`, `created_date`, `created_by`) VALUES
(1, 'Fahrenheit', '', '2013-03-19 11:46:26', 12),
(3, 'Celcius', '', '2013-03-19 11:56:00', 12),
(4, 'lm', '', '2013-03-19 11:57:11', 12),
(5, 'cd', '', '2013-03-19 11:57:15', 12),
(6, 'lx', '', '2013-03-19 11:57:19', 12),
(7, 'cd/m2', '', '2013-03-19 11:57:23', 12),
(8, 'ppm', '', '2013-03-19 11:57:31', 12),
(9, 'kPa', '', '2013-03-19 11:57:36', 12),
(10, 'bar', '', '2013-03-19 11:57:41', 12),
(11, 'mbar', '', '2013-03-19 11:57:45', 12),
(12, 'kW', '', '2013-03-19 11:57:50', 12),
(13, 'kWh', '', '2013-03-19 11:57:54', 12),
(14, '%', '', '2013-03-28 10:51:51', 12);

-- --------------------------------------------------------

--
-- Structure de la table `users`
--

CREATE TABLE IF NOT EXISTS `users` (
  `id` int(11) NOT NULL AUTO_INCREMENT,
  `role_id` int(11) NOT NULL,
  `first_name` varchar(50) COLLATE utf8_unicode_ci NOT NULL,
  `last_name` varchar(50) COLLATE utf8_unicode_ci NOT NULL,
  `password` varchar(20) COLLATE utf8_unicode_ci NOT NULL,
  `email` varchar(50) COLLATE utf8_unicode_ci NOT NULL,
  `phone` varchar(30) COLLATE utf8_unicode_ci NOT NULL,
  `created_date` datetime NOT NULL,
  `status` int(1) NOT NULL,
  `avatar` varchar(255) COLLATE utf8_unicode_ci NOT NULL,
  `address` varchar(255) COLLATE utf8_unicode_ci NOT NULL,
  `activated` int(1) NOT NULL,
  `activated_key` varchar(15) COLLATE utf8_unicode_ci NOT NULL,
  `company_id` int(11) NOT NULL,
  PRIMARY KEY (`id`)
) ENGINE=InnoDB  DEFAULT CHARSET=utf8 COLLATE=utf8_unicode_ci AUTO_INCREMENT=16 ;

--
-- Contenu de la table `users`
--

INSERT INTO `users` (`id`, `role_id`, `first_name`, `last_name`, `password`, `email`, `phone`, `created_date`, `status`, `avatar`, `address`, `activated`, `activated_key`, `company_id`) VALUES
(12, 23, 'Vuong', 'Dinh', '123456', 'vuong.dinh.quoc@gmail.com', '84979222177', '2013-01-08 13:48:00', 1, '', '', 1, '50ebc1206f5b5', 12),
(13, 23, 'Teemu', 'Viljanen', '123456', 'teemu.viljanen@live.com', '', '2013-03-25 12:39:09', 1, '', '', 0, '', 12),
(14, 23, 'Vuong2', '', '123456', 'qvuong2009@yahoo.com', '', '2013-03-25 12:40:20', 1, '', '', 1, '', 12),
(15, 23, 'Test', 'test', '123456', 'qvuong20091@yahoo.com', '', '2013-03-25 16:35:30', 1, '', '', 1, '', 12);

-- --------------------------------------------------------

--
-- Structure de la table `zones`
--

CREATE TABLE IF NOT EXISTS `zones` (
  `id` int(11) NOT NULL AUTO_INCREMENT,
  `company_id` int(11) NOT NULL,
  `site_id` int(11) NOT NULL,
  `zone_name` varchar(255) COLLATE utf8_unicode_ci NOT NULL,
  `description` text COLLATE utf8_unicode_ci NOT NULL,
  `has_layout` int(1) NOT NULL,
  `alarm_enabled` int(1) NOT NULL,
  `minutes_alarm_disabled` int(11) NOT NULL,
  `alarm_disabled_date` datetime NOT NULL,
  `status` int(1) NOT NULL,
  `created_date` datetime NOT NULL,
  `created_by` int(11) NOT NULL,
  PRIMARY KEY (`id`)
) ENGINE=InnoDB  DEFAULT CHARSET=utf8 COLLATE=utf8_unicode_ci AUTO_INCREMENT=17 ;

--
-- Contenu de la table `zones`
--

INSERT INTO `zones` (`id`, `company_id`, `site_id`, `zone_name`, `description`, `has_layout`, `alarm_enabled`, `minutes_alarm_disabled`, `alarm_disabled_date`, `status`, `created_date`, `created_by`) VALUES
(5, 12, 4, 'Zone 1', 'This is zone 1', 1, 1, 10, '2013-06-14 17:14:30', 1, '2013-01-08 17:08:41', 12),
(6, 12, 4, 'Zone 2', '', 1, 0, 5, '2013-06-13 11:12:08', 1, '2013-01-08 17:22:10', 12),
(7, 12, 6, 'Zone 3', '', 1, 0, 0, '0000-00-00 00:00:00', 1, '2013-01-08 17:22:39', 12),
(8, 12, 6, 'Zone 4', '', 1, 0, 0, '2013-01-22 15:34:37', 1, '2013-01-08 17:22:50', 12),
(9, 12, 6, 'Zone 5', 'This is zone 5', 1, 0, 0, '0000-00-00 00:00:00', 1, '2013-01-10 08:37:10', 12),
(10, 12, 4, 'Zone 6', 'This is zone 6', 1, 1, 15, '2013-03-19 07:52:43', 1, '2013-01-10 08:37:24', 12),
(11, 12, 6, 'Zone 7', '', 1, 0, 0, '0000-00-00 00:00:00', 1, '2013-01-10 08:37:54', 12),
(12, 12, 6, 'Zone 8', 'This is zone 8', 1, 0, 0, '0000-00-00 00:00:00', 1, '2013-01-10 08:38:02', 12),
(13, 12, 6, 'Zone 9', 'This is zone 9', 1, 0, 0, '0000-00-00 00:00:00', 1, '2013-01-10 08:38:11', 12),
(14, 12, 6, 'Zone 10', 'This is zone 10', 1, 0, 0, '0000-00-00 00:00:00', 1, '2013-01-10 08:38:43', 12),
(15, 12, 6, 'Zone 11', '', 1, 0, 10, '2013-01-21 10:49:36', 1, '2013-01-10 08:39:15', 12),
(16, 12, 6, 'Zone 12', '', 1, 0, 0, '0000-00-00 00:00:00', 1, '2013-01-10 08:39:20', 12);

/*!40101 SET CHARACTER_SET_CLIENT=@OLD_CHARACTER_SET_CLIENT */;
/*!40101 SET CHARACTER_SET_RESULTS=@OLD_CHARACTER_SET_RESULTS */;
/*!40101 SET COLLATION_CONNECTION=@OLD_COLLATION_CONNECTION */;
